0,0
0.1,0.0127915577597348
0.2,0.0256147923184026
0.3,0.0384692651012194
0.4,0.0513609416923847
0.5,0.0643120319120124
0.6,0.0773041189392937
0.7,0.0903178728170077
0.8,0.10337365828669
0.9,0.116471891481229
1,0.129601156550955
1.1,0.14273661435964
1.2,0.155906863903685
1.3,0.169130358939226
1.4,0.182400619963503
1.5,0.195700854056496
1.6,0.209039039585598
1.7,0.222410145094678
1.8,0.235789875875361
1.9,0.249179143219329
2,0.262584545982488
2.1,0.276045464355588
2.2,0.289564663595565
2.3,0.303100392017621
2.4,0.316639532261064
2.5,0.330202347459461
2.6,0.343825371819866
2.7,0.35746680346
2.8,0.371112784259065
2.9,0.384827597286436
3,0.398581814181927
3.1,0.412362492459427
3.2,0.426182945057784
3.3,0.440031520205281
3.4,0.453883044784841
3.5,0.467753222946651
3.6,0.481645420261592
3.7,0.495600383993233
3.8,0.509582692848835
3.9,0.523563269897635
4,0.537578850306165
4.1,0.551637187860488
4.2,0.565693115631314
4.3,0.579792719341008
4.4,0.593907775921169
4.5,0.608041667787875
4.6,0.622212165732946
4.7,0.636405546606265
4.8,0.650632560532635
4.9,0.664857211197244
5,0.679103785270426
5.1,0.693395370219502
5.2,0.70770681124308
5.3,0.722000490334
5.4,0.736338905807582
5.5,0.750710628255792
5.6,0.765113557104565
5.7,0.779510080033608
5.8,0.793941872417976
5.9,0.808396636889316
6,0.822874788728008
6.1,0.837352601633749
6.2,0.851868611668376
6.3,0.866380312531727
6.4,0.88094014881181
6.5,0.895508801437454
6.6,0.910063543723361
6.7,0.92463093057944
6.8,0.939112607868834
6.9,0.953480959112636
7,0.96778976583795
7.1,0.982019908209753
7.2,0.996143612668689
7.3,1.01017564780785
7.4,1.02411609901569
7.5,1.03797731355192
7.6,1.05169419390948
7.7,1.06539145053847
7.8,1.07908922176636
7.9,1.0927918097068
8,1.10650183798486
8.1,1.12023797234953
8.2,1.13395663815901
8.3,1.14770182756659
8.4,1.16146886862183
8.5,1.17525061248191
8.6,1.18905169913743
8.7,1.2028852444341
8.8,1.21673976565967
8.9,1.23062052101539
9,1.24451147009749
9.1,1.25844946891875
9.2,1.27240362321495
9.3,1.28636861666747
9.4,1.30038941681974
9.5,1.3144484820484
9.6,1.32852930193176
9.7,1.34263199199452
9.8,1.35678422267927
9.9,1.37096303104829
10,1.38515194962804
10.1,1.3993958769338
10.2,1.41369540856133
10.3,1.42803140081067
10.4,1.44239213063012
10.5,1.45678135614378
10.6,1.47123042516318
10.7,1.48571004908034
10.8,1.50024558865809
10.9,1.5148095417844
11,1.52944395567599
11.1,1.54412985443246
11.2,1.55885778776102
11.3,1.5736196465028
11.4,1.58845654997476
11.5,1.6033260453224
11.6,1.61823821651727
11.7,1.63321739019769
11.8,1.64824075571159
11.9,1.66333190123414
12,1.67846044118015
12.1,1.69366989280058
12.2,1.70892900166616
12.3,1.72427144932691
12.4,1.73964523820655
12.5,1.75511784464676
12.6,1.77065076866047
12.7,1.78623727142002
12.8,1.8018895559387
12.9,1.81763874508504
13,1.83661103250149
13.1,1.83030285053427
13.2,1.82105467279125
13.3,1.81189532534747
13.4,1.80279013236266
13.5,1.7937582786022
13.6,1.78477287176582
13.7,1.77586065061451
13.8,1.76701816425307
13.9,1.75822226915937
14,1.74951184759425
14.1,1.74081328222508
14.2,1.7322174443861
14.3,1.72368647052003
14.4,1.71524317665692
14.5,1.70688196432103
14.6,1.69858195576297
14.7,1.69036345879833
14.8,1.68222658061905
14.9,1.67414957813692
15,1.66614711858736
15.1,1.65821865081163
15.2,1.65036295334856
15.3,1.64256258606378
15.4,1.63484048478044
15.5,1.62718438066223
15.6,1.61957462898939
15.7,1.61203340124731
15.8,1.60455973795187
15.9,1.59715085851829
16,1.58978863977102
16.1,1.58248882616466
16.2,1.57525671343032
16.3,1.56808088033312
16.4,1.56094546085374
16.5,1.55386984209078
16.6,1.54685131884286
16.7,1.53989152515737
16.8,1.53296586412162
16.9,1.52609914187467
17,1.51928451511303
17.1,1.51252427094571
17.2,1.5057996897126
17.3,1.49912413105821
17.4,1.49250181154224
17.5,1.48593090772497
17.6,1.47938528660295
17.7,1.47289424026065
17.8,1.46644973046247
17.9,1.4600530771217
18,1.45368281930932
18.1,1.44737699429815
18.2,1.44109784923795
18.3,1.43486570949465
18.4,1.42865329120722
18.5,1.4225111847289
18.6,1.4163882398319
18.7,1.41030256832851
18.8,1.40424447076284
18.9,1.39824258564739
19,1.39226445603585
19.1,1.38634526414142
19.2,1.38042521168491
19.3,1.37456659768094
19.4,1.36874068882464
19.5,1.36293831585519
19.6,1.3571691800823
19.7,1.35143352550569
19.8,1.34573772774162
19.9,1.3400537877621
20,1.33440871540364
20.1,1.32881314296167
20.2,1.32321634578056
20.3,1.31767116881233
20.4,1.31215764109615
20.5,1.3066604218552
20.6,1.30119183585632
20.7,1.2957586839226
20.8,1.2903513010146
20.9,1.28496123377462
21,1.2796149438417
21.1,1.2742835728496
21.2,1.26897915373574
21.3,1.26370914471726
21.4,1.25846280528467
21.5,1.25323089113327
21.6,1.24802291073383
21.7,1.24284484990889
21.8,1.23769140778163
21.9,1.23256578545468
22,1.22746542531785
22.1,1.22237364353382
22.2,1.21730782002159
22.3,1.2122657690069
22.4,1.20725028225242
22.5,1.20225680081509
22.6,1.19729008569343
22.7,1.19232743098333
22.8,1.18739023416619
22.9,1.18248132136845
23,1.17759137091307
23.1,1.1727237402618
23.2,1.16786221233867
23.3,1.16303860725229
23.4,1.15822081282171
23.5,1.15342668994605
23.6,1.1486515280926
23.7,1.14388447220888
23.8,1.13915455038561
23.9,1.13443223153284
24,1.12974616448506
24.1,1.12506739444453
24.2,1.12040789091692
24.3,1.11575619951857
24.4,1.11114012144246
24.5,1.10652937311759
24.6,1.10195413264054
24.7,1.09738306195316
24.8,1.09283178859472
24.9,1.08829959523545
25,1.08377159867864
25.1,1.07927699790666
25.2,1.07478701274004
25.3,1.07031374718718
25.4,1.06587608098878
25.5,1.06142328584792
25.6,1.05700530232971
25.7,1.05260703055773
25.8,1.04820825196139
25.9,1.04385532512916
26,1.03953067226955
26.1,1.03522674101438
26.2,1.03097249574197
26.3,1.02673576121883
26.4,1.0225185672383
26.5,1.01834900639054
26.6,1.01418672052349
26.7,1.01006761662731
26.8,1.00596254416812
26.9,1.00190091826405
27,0.997856633752012
27.1,0.993842401049256
27.2,0.989842585745237
27.3,0.985855080447308
27.4,0.981912982399785
27.5,0.977981909528897
27.6,0.974065576408222
27.7,0.970187918720265
27.8,0.966306729808003
27.9,0.962469378256096
28,0.958640016581713
28.1,0.954836948674464
28.2,0.951055847348626
28.3,0.947285209320062
28.4,0.943536590688801
28.5,0.939813104420103
28.6,0.936097831058237
28.7,0.93240050518418
28.8,0.928730327218711
28.9,0.925057875926112
29,0.92141647921865
29.1,0.917783159921759
29.2,0.91416423871211
29.3,0.910563836837358
29.4,0.906970700827913
29.5,0.903388850975059
29.6,0.899803001626143
29.7,0.896224696660853
29.8,0.892667203972525
29.9,0.889103667280239
30,0.88554742377078
30.1,0.881667818611414
30.2,0.877798413362655
30.3,0.873939029138061
30.4,0.870089585544737
30.5,0.866250068680797
30.6,0.862420315265023
30.7,0.858600193139391
30.8,0.854789715573482
30.9,0.85098865231212
31,0.84719701317452
31.1,0.843414650764323
31.2,0.839641484281671
31.3,0.835877494161065
31.4,0.832122537312595
31.5,0.828376543221688
31.6,0.824639455911773
31.7,0.82091113422979
31.8,0.817191531126036
31.9,0.813480585764977
32,0.809778204483283
32.1,0.806084341970615
32.2,0.802398886095047
32.3,0.798721760350031
32.4,0.795052933742939
32.5,0.791392298281242
32.6,0.787739855082348
32.7,0.78409553807236
32.8,0.780459169881746
32.9,0.77683079153101
33,0.773210307007118
33.1,0.769597644835408
33.2,0.765992829172122
33.3,0.76239570052519
33.4,0.758806248294816
33.5,0.755224498863009
33.6,0.751650258963553
33.7,0.748083527734972
33.8,0.744524312826241
33.9,0.740972440789503
34,0.737427982881776
34.1,0.733890933031827
34.2,0.730361094666094
34.3,0.726838543352206
34.4,0.723323166850799
34.5,0.719814945805308
34.6,0.716313892996442
34.7,0.712819860181525
34.8,0.709332886493832
34.9,0.705852978649682
35,0.702379980819296
35.1,0.698913980452652
35.2,0.69545493887009
35.3,0.692002724854124
35.4,0.688557401920003
35.5,0.685118990035437
35.6,0.681687296506
35.7,0.678262422137783
35.8,0.674844312342188
35.9,0.671432857872799
36,0.668028173182417
36.1,0.664630293202176
36.2,0.661238957332376
36.3,0.657854295690944
36.4,0.654476280688837
36.5,0.651104869482628
36.6,0.647740156260483
36.7,0.644382062410703
36.8,0.641030514773928
36.9,0.63768555382795
37,0.634347200899272
37.1,0.631015348220382
37.2,0.62769009034482
37.3,0.624371465702972
37.4,0.621059256059215
37.5,0.617753627056173
37.6,0.614454594993058
37.7,0.611162048416671
37.8,0.607876069205446
37.9,0.604596669581372
38,0.601323766842927
38.1,0.598057491363767
38.2,0.594797807624478
38.3,0.591544477795463
38.4,0.58829781000503
38.5,0.585057745115468
38.6,0.581824110300918
38.7,0.57859712704281
38.8,0.575376792138676
38.9,0.57216293626342
39,0.56895583280262
39.1,0.565755456605929
39.2,0.562561646619912
39.3,0.559374625749842
39.4,0.556194428867536
39.5,0.553020913114182
39.6,0.549854186371631
39.7,0.54669439651062
39.8,0.543541391169542
39.9,0.540395272786653
40,0.537256144448718
40.1,0.534124287291801
40.2,0.530999105581744
40.3,0.527881079434261
40.4,0.524770247889151
40.5,0.521666412414164
40.6,0.518569852156669
40.7,0.515480601906239
40.8,0.512398587551864
40.9,0.509323917386521
41,0.506256783504782
41.1,0.503197000788942
41.2,0.50014478042791
41.3,0.497100223555114
41.4,0.494063286129095
41.5,0.49103406619534
41.6,0.488012699437096
41.7,0.484999475749092
41.8,0.481993971248618
41.9,0.478996473806506
42,0.476007182109288
42.1,0.47302606629973
42.2,0.470053166616088
42.3,0.467088712288347
42.4,0.464132655370517
42.5,0.461185142010546
42.6,0.458246344935006
42.7,0.455316345962263
42.8,0.452395097850207
42.9,0.449482851087594
43,0.44657973724936
43.1,0.443685763555393
43.2,0.440801031225052
43.3,0.437925810441453
43.4,0.435060099288347
43.5,0.432203986421526
43.6,0.429357736833916
43.7,0.426521473466771
43.8,0.423695164885565
43.9,0.420879089706692
44,0.418073389603942
44.1,0.415278397183746
44.2,0.412493904996192
44.3,0.40972017875714
44.4,0.406957483924891
44.5,0.404205974860171
44.6,0.401465665332255
44.7,0.398736880331845
44.8,0.396019784809381
44.9,0.393314445033909
45,0.390621158696832
45.1,0.387940153480131
45.2,0.385271624728126
45.3,0.382615620557377
45.4,0.379972475300506
45.5,0.377342435584761
45.6,0.374725695661127
45.7,0.372122353967884
45.8,0.369532787876337
45.9,0.366957247576277
46,0.364395840502472
46.1,0.361848881272554
46.2,0.359316684063188
46.3,0.356799496783286
46.4,0.354297607388533
46.5,0.351811147881025
46.6,0.349340485144359
46.7,0.346885958924479
46.8,0.344447767864751
46.9,0.342026213496754
47,0.339621676087433
47.1,0.337234488105259
47.2,0.334864914512635
47.3,0.332513218036488
47.4,0.330179827425087
47.5,0.327865104621237
47.6,0.325569365599049
47.7,0.32329287072964
47.8,0.321036114951887
47.9,0.318799460742241
48,0.31658328717839
48.1,0.314387893342313
48.2,0.312213694888869
48.3,0.310061160918219
48.4,0.307930702991544
48.5,0.305822692978906
48.6,0.303737490070266
48.7,0.30167561766619
48.8,0.29963751168294
48.9,0.297623625271017
49,0.295634409131334
49.1,0.293670228412929
49.2,0.29173160634172
49.3,0.289819048153693
49.4,0.287933020598767
49.5,0.286074033387363
49.6,0.284242503487452
49.7,0.282438899214486
49.8,0.280663801032115
49.9,0.278917712345506
50,0.277201140617606
50.1,0.275514595932569
50.2,0.273858507377116
50.3,0.272233447836708
50.4,0.2706399804863
50.5,0.269078618055257
50.6,0.267549862880391
50.7,0.26605431423362
50.8,0.264592486835346
50.9,0.263164691864468
51,0.261771628716854
51.1,0.260413820754325
51.2,0.25909177955529
51.3,0.257806026003307
51.4,0.256557073131505
51.5,0.255345430945799
51.6,0.254171533285254
51.7,0.253035889792187
51.8,0.251939032793884
51.9,0.25088144644468
52,0.249863589914949
52.1,0.248885919098553
52.2,0.247948885766195
52.3,0.24705291504945
52.4,0.246198425419461
52.5,0.245385831553411
52.6,0.244615494153477
52.7,0.24388772065574
52.8,0.243202951790129
52.9,0.24256153796427
53,0.24196379021103
53.1,0.241410012552435
53.2,0.240900478953484
53.3,0.240435447059805
53.4,0.240015151525369
53.5,0.239639800818615
53.6,0.239309589139356
53.7,0.239024681188105
53.8,0.238785211799674
53.9,0.238591299930753
54,0.238443039839488
54.1,0.238340491226334
54.2,0.23822989419595
54.3,0.23664009307472
54.4,0.2350897321328
54.5,0.23351799628915
54.6,0.232005649663882
54.7,0.230562173019265
54.8,0.229189106878124
54.9,0.227894102777355
55,0.226719494347555
55.1,0.22559616362802
55.2,0.224525362488838
55.3,0.223532381203802
55.4,0.222658635419609
55.5,0.221814588345499
55.6,0.221074367924803
55.7,0.220389815132498
55.8,0.21977155597768
55.9,0.219256352744641
56,0.218785178835338
56.1,0.218412328145519
56.2,0.218097770686458
56.3,0.217850401739774
56.4,0.21768530159147
56.5,0.217563840511768
56.6,0.217530986478658
56.7,0.217560702876384
56.8,0.217632419321457
56.9,0.217785062419
57,0.217996480411425
57.1,0.218261437982956
57.2,0.218566299790562
57.3,0.218940060913274
57.4,0.219363138700654
57.5,0.219833394296663
57.6,0.220348350697512
57.7,0.220901487983801
57.8,0.221490490420393
57.9,0.222127794207246
58,0.222800996906743
58.1,0.223507560793769
58.2,0.224244701625146
58.3,0.225009851429376
58.4,0.225801974925909
58.5,0.226617399057124
58.6,0.227453640929161
58.7,0.228310074416757
58.8,0.229183509925521
58.9,0.230071680623839
59,0.23097372588809
59.1,0.231887788256955
59.2,0.232818772051315
59.3,0.233746935655184
59.4,0.234681048105709
59.5,0.235616833454329
59.6,0.236554284944011
59.7,0.237492699341657
59.8,0.238430550579078
59.9,0.239378484574461
60,0.240307734475517
60.1,0.241232356966198
60.2,0.242150811754115
60.3,0.243070957831739
60.4,0.243978244098856
60.5,0.24487059971376
60.6,0.245751447400615
60.7,0.246634417870163
60.8,0.247494002483553
60.9,0.248338257099581
61,0.249174674191751
61.1,0.250002789944624
61.2,0.250807261350547
61.3,0.251598840334207
61.4,0.252380787240625
61.5,0.253137020157315
61.6,0.253890483544239
61.7,0.254613520105253
61.8,0.255321594507593
61.9,0.25602523571385
62,0.256696077174482
62.1,0.257361431547485
62.2,0.258001254525672
62.3,0.258620831186198
62.4,0.259235544730132
62.5,0.259818875611475
62.6,0.260401136806859
62.7,0.260948973160171
62.8,0.261492333611444
62.9,0.262006064925742
63,0.26251314873632
63.1,0.262990926564284
63.2,0.263466730691931
63.3,0.263912107308436
63.4,0.264353037348177
63.5,0.264763041820128
63.6,0.265170973733289
63.7,0.265547130759819
63.8,0.2659224347445
63.9,0.266267180263266
64,0.266611006513066
64.1,0.266931233174788
64.2,0.267236858428636
64.3,0.267534807006302
64.4,0.267803803390867
64.5,0.268071493985438
64.6,0.268313181870308
64.7,0.26854996885342
64.8,0.268774134688636
64.9,0.268973575422459
65,0.269172205306473
65.1,0.269357233637413
65.2,0.269516930820851
65.3,0.269679178984131
65.4,0.269821924896089
65.5,0.269953100586091
65.6,0.270077706555321
65.7,0.270185579182892
65.8,0.270281573847428
65.9,0.270371504567927
66,0.270452800156954
66.1,0.27051055724792
66.2,0.270567677167864
66.3,0.270617791794883
66.4,0.270646621286515
66.5,0.270675851782198
66.6,0.270694289263425
66.7,0.270705998525408
66.8,0.270694826745156
66.9,0.270690382083959
67,0.270675237550962
67.1,0.270656322149537
67.2,0.27061638132917
67.3,0.270578578193061
67.4,0.270532394560375
67.5,0.270478419520859
67.6,0.270418446662356
67.7,0.270341720034359
67.8,0.270268739662354
67.9,0.270189714810435
68,0.270105418780216
68.1,0.270017496836675
68.2,0.269912223738029
68.3,0.269808492890078
68.4,0.26970308647522
68.5,0.269591842892747
68.6,0.269472914960685
68.7,0.269352764503924
68.8,0.269225181299939
68.9,0.269081940299975
69,0.268946707066101
69.1,0.268806501063845
69.2,0.268659516017801
69.3,0.268512793580636
69.4,0.26835731684605
69.5,0.268199963327576
69.6,0.268037979801648
69.7,0.267872858566175
69.8,0.267699075591823
69.9,0.267526501218051
70,0.267353272866708
70.1,0.267177578455352
70.2,0.266997107458398
70.3,0.266813624458526
70.4,0.266630769665656
70.5,0.26644207415674
70.6,0.266252744120897
70.7,0.266059621927981
70.8,0.265865205826225
70.9,0.265667799441479
71,0.265467260926907
71.1,0.265264794830765
71.2,0.265060826164061
71.3,0.264855126757077
71.4,0.264645229398947
71.5,0.264434867982929
71.6,0.264225202391719
71.7,0.264011931343476
71.8,0.263797632323183
71.9,0.263583441129206
72,0.263365543449423
72.1,0.263145517179017
72.2,0.262925385413437
72.3,0.26270287831415
72.4,0.26248055885805
72.5,0.26225756633312
72.6,0.262034068568029
72.7,0.261810216788643
72.8,0.261584800216177
72.9,0.261357675893338
73,0.261130621359298
73.1,0.260902737385163
73.2,0.260677487230702
73.3,0.260452193633573
73.4,0.260221449150577
73.5,0.259989620547224
73.6,0.25975807782886
73.7,0.259523544489873
73.8,0.259291734333969
73.9,0.259060528794748
74,0.258827239517945
74.1,0.25859280722953
74.2,0.258362521050125
74.3,0.258133476790614
74.4,0.257898280601459
74.5,0.257662505970365
74.6,0.257425702500346
74.7,0.257189838751992
74.8,0.256954086558202
74.9,0.256719630802119
75,0.256492400290112
75.1,0.256255961863826
75.2,0.256019635026482
75.3,0.255784910594078
75.4,0.255549167862387
75.5,0.255311875209902
75.6,0.255085905989194
75.7,0.254849874948791
75.8,0.254611100787407
75.9,0.254376692604244
76,0.254141514285294
76.1,0.253911906598179
76.2,0.253678006636256
76.3,0.25344227837616
76.4,0.253206609218157
76.5,0.252971436418754
76.6,0.25274412476515
76.7,0.252509186659754
76.8,0.252275445383543
76.9,0.252042040149255
77,0.251809208115002
77.1,0.251583510440616
77.2,0.2513494995565
77.3,0.251115256407331
77.4,0.250884683182027
77.5,0.250662786112474
77.6,0.250432115422312
77.7,0.250201116085239
77.8,0.249968308080563
77.9,0.249744712893048
78,0.249512668214802
78.1,0.249281663900703
78.2,0.249056775717112
78.3,0.248828522537337
78.4,0.248600216652574
78.5,0.248371774523429
78.6,0.248151282957178
78.7,0.247921542267049
78.8,0.247693296906552
78.9,0.24747207141118
79,0.247249931640482
79.1,0.247025520133267
79.2,0.24680147436966
79.3,0.246585242259029
79.4,0.246357650492772
79.5,0.246133066157068
79.6,0.245916940540622
79.7,0.245692892237132
79.8,0.245467749496468
79.9,0.245254907493477
80,0.245032848902846
80.1,0.2448112432147
80.2,0.244599521717736
80.3,0.244376894125612
80.4,0.244155692665464
80.5,0.243946789602246
80.6,0.243726937251399
80.7,0.243506820417546
80.8,0.243294988284795
80.9,0.243076426753367
81,0.242862738793963
81.1,0.242648053348599
81.2,0.242430710660588
81.3,0.242222765822094
81.4,0.242005068103487
81.5,0.241789597806721
81.6,0.241581598772615
81.7,0.241366477814757
81.8,0.241157401775048
81.9,0.240945849516151
82,0.240731347620301
82.1,0.24052763072156
82.2,0.240313589246794
82.3,0.240107595985948
82.4,0.239897940318663
82.5,0.239687568327578
82.6,0.239484313170257
82.7,0.239275344858984
82.8,0.239073387747418
82.9,0.238865532145018
83,0.238655931324623
83.1,0.238457356222839
83.2,0.238248327712717
83.3,0.238050935796624
83.4,0.2378432520632
83.5,0.237647051714512
83.6,0.237440516591028
83.7,0.237239149430954
83.8,0.23703972939195
83.9,0.236836721462262
84,0.236640679907056
84.1,0.236438912303635
84.2,0.236243589703076
84.3,0.236043274172206
84.4,0.235849574548457
84.5,0.235650736708266
84.6,0.235457329551277
84.7,0.235259457105989
84.8,0.235066158714081
84.9,0.23487145658543
85,0.234676017423806
85.1,0.234483081574001
85.2,0.234287063227341
85.3,0.234097248732814
85.4,0.233900915034011
85.5,0.233712742772109
85.6,0.233517287758224
85.7,0.23333017965983
85.8,0.233136190501056
85.9,0.23295023991734
86,0.232756828638296
86.1,0.23257182040545
86.2,0.232378810081494
86.3,0.232193607526704
86.4,0.232001327505192
86.5,0.231817257245806
86.6,0.231628445563409
86.7,0.231445208592285
86.8,0.23126079480609
86.9,0.231073127679856
87,0.230891262894261
87.1,0.230701520604212
87.2,0.23052151196761
87.3,0.230333036295392
87.4,0.230153377915334
87.5,0.229965992938211
87.6,0.229789280098788
87.7,0.229603532653864
87.8,0.229425785602091
87.9,0.229240766812529
88,0.229062985810018
88.1,0.228885690503637
88.2,0.228703957444199
88.3,0.228529263708376
88.4,0.228345954580579
88.5,0.228170629225423
88.6,0.227989154916574
88.7,0.227814685267935
88.8,0.227636906511624
88.9,0.227461064495756
89,0.227290966398066
89.1,0.227110911040511
89.2,0.226937868661447
89.3,0.226758479086692
89.4,0.226587519895489
89.5,0.226413766480183
89.6,0.226237997635187
89.7,0.226069046101789
89.8,0.225892179332645
89.9,0.225721973031624
90,0.22554692532657
90.1,0.225376676730324
90.2,0.225208233593223
90.3,0.225032678018595
90.4,0.224864328735027
90.5,0.224691180931039
90.6,0.224522052914269
90.7,0.224355862095589
90.8,0.224182287618197
90.9,0.224016355555329
91,0.223848950030032
91.1,0.223677276143715
91.2,0.223511351767165
91.3,0.223339386729691
91.4,0.223175109432291
91.5,0.223012351573152
91.6,0.222841732901103
91.7,0.222678491757793
91.8,0.222515246776665
91.9,0.222348310506659
92,0.222187392423563
92.1,0.222019431792307
92.2,0.221858757547718
92.3,0.221698862878771
92.4,0.221531419927416
92.5,0.221371169332333
92.6,0.221213089182518
92.7,0.221046940755478
92.8,0.220888593212472
92.9,0.220730967022697
93,0.220565714943987
93.1,0.22040936646183
93.2,0.220252394802755
93.3,0.220088793505964
93.4,0.219932268349256
93.5,0.21977467724608
93.6,0.219611671378329
93.7,0.219457118543313
93.8,0.219301520472214
93.9,0.219140625320117
94,0.218985871251913
94.1,0.218831230989222
94.2,0.218670549048939
94.3,0.218516903726702
94.4,0.218363982436981
94.5,0.218203880366905
94.6,0.218050882565051
94.7,0.217898431079579
94.8,0.217739485547235
94.9,0.217587304085678
95,0.217435277179715
95.1,0.217277552783998
95.2,0.217126734047919
95.3,0.216976603978471
95.4,0.216823192839472
95.5,0.216668933891125
95.6,0.216519715065596
95.7,0.216369843735246
95.8,0.216212883226995
95.9,0.216064438685905
96,0.21591587586436
96.1,0.215760999523074
96.2,0.21561189788197
96.3,0.215464372567073
96.4,0.215316164095865
96.5,0.215160704243476
96.6,0.215013985160525
96.7,0.214866214128411
96.8,0.214713226897198
96.9,0.21456523598456
97,0.214419044226741
97.1,0.214273618124558
97.2,0.214120658531207
97.3,0.213974853480672
97.4,0.213828641787962
97.5,0.213681868911799
97.6,0.213531169911279
97.7,0.213386522580482
97.8,0.21324306704418
97.9,0.213094310716833
98,0.212948296335987
98.1,0.212804647222001
98.2,0.212662151311169
98.3,0.212513257621146
98.4,0.21237064621621
98.5,0.212227229322861
98.6,0.212085258704257
98.7,0.211936466342636
98.8,0.211794445509852
98.9,0.211653294116702
99,0.21151288075888
99.1,0.211365140965423
99.2,0.211224638113348
99.3,0.21108505065916
99.4,0.210944609653432
99.5,0.210800144640458
99.6,0.210658852594859
99.7,0.21052098254805
99.8,0.210381222353245
99.9,0.210240400845973
100,0.210097927170184
100.1,0.209961012607906
100.2,0.209823476052513
100.3,0.209686331929646
100.4,0.209542626144155
100.5,0.209405104774197
100.6,0.209268510672498
100.7,0.209131788232696
100.8,0.208992135755897
100.9,0.208852886967466
101,0.208717072394618
101.1,0.208582529586197
101.2,0.208447554139889
101.3,0.208306140026674
101.4,0.208172101473849
101.5,0.208037072687011
101.6,0.207902659965313
101.7,0.207767899863818
101.8,0.207627414279544
101.9,0.20749419792936
102,0.207361311564117
102.1,0.207229271756019
102.2,0.207094875094353
102.3,0.206956401272947
102.4,0.206824234242869
102.5,0.20669232454398
102.6,0.206560179820076
102.7,0.206428676730674
102.8,0.206291963925032
102.9,0.20616146831716
103,0.206030871512006
103.1,0.205900786628349
103.2,0.205770046877291
103.3,0.205634037681126
103.4,0.205504439660629
103.5,0.205363147317486
103.6,0.205219894456336
103.7,0.205073543877846
103.8,0.204923169869279
103.9,0.20477645067824
104,0.204636064228728
104.1,0.204492580822444
104.2,0.204349962339334
104.3,0.204207174784472
104.4,0.204062000649931
104.5,0.203922386681388
104.6,0.203782437655057
104.7,0.203643380426513
104.8,0.203507464458196
104.9,0.203367742772481
105,0.203224903880189
105.1,0.203087965888053
105.2,0.202954841984244
105.3,0.202819794935412
105.4,0.202685253291017
105.5,0.202553207383964
105.6,0.2024138205628
105.7,0.20228127798876
105.8,0.202148696641714
105.9,0.202019589928801
106,0.201888797004401
106.1,0.201756792824538
106.2,0.201622833490974
106.3,0.201491784600279
106.4,0.201361246439567
106.5,0.201234121130938
106.6,0.201105090968209
106.7,0.200976569767976
106.8,0.200850038359645
106.9,0.200716907571618
107,0.200588975838096
107.1,0.200462040341763
107.2,0.200338029827642
107.3,0.200211330822609
107.4,0.200085384945335
107.5,0.199960924761983
107.6,0.199831709183332
107.7,0.199706975536885
107.8,0.199583964225348
107.9,0.199459534050052
108,0.19933866428673
108.1,0.199215113766052
108.2,0.199092272891867
108.3,0.198967433932399
108.4,0.198844278365951
108.5,0.198722234711582
108.6,0.198602591303436
108.7,0.198480045745875
108.8,0.198358189567345
108.9,0.198239875100335
109,0.198117072815483
109.1,0.197990983339831
109.2,0.197872924213907
109.3,0.197752532692274
109.4,0.197635967520227
109.5,0.197515533944051
109.6,0.197395446484153
109.7,0.19727899340918
109.8,0.197159887536219
109.9,0.197038562817604
110,0.196918717235486
110.1,0.196799606144267
110.2,0.196684373254242
110.3,0.196565919850443
110.4,0.19644967403762
110.5,0.196332259447667
110.6,0.196214712683577
110.7,0.19609883439497
110.8,0.195976410946144
110.9,0.195862091121599
111,0.195744811417689
111.1,0.195628710686772
111.2,0.195515619286139
111.3,0.195399234619269
111.4,0.195286577299471
111.5,0.195171145636954
111.6,0.195059078997381
111.7,0.194940355597512
111.8,0.194823530427087
111.9,0.194711931153917
112,0.194596975749275
112.1,0.194485439642219
112.2,0.194371554135301
112.3,0.194259603744193
112.4,0.194146688634249
112.5,0.194035912868492
112.6,0.19392299784361
112.7,0.193810659418876
112.8,0.193694480707799
112.9,0.193581580539156
113,0.193472243177246
113.1,0.193359517204482
113.2,0.193249877353029
113.3,0.193137728732072
113.4,0.193027578783074
113.5,0.192916600730136
113.6,0.192807705158819
113.7,0.19269637485807
113.8,0.192587272039584
113.9,0.19247269325709
114,0.192364217043561
114.1,0.192253899367438
114.2,0.192146177804516
114.3,0.192036494855556
114.4,0.19192991693289
114.5,0.191819981023333
114.6,0.191713525193386
114.7,0.191604611265854
114.8,0.191498482507552
114.9,0.19138958132699
115,0.191283240268359
115.1,0.19117222393917
115.2,0.191062825101828
115.3,0.190954286635977
115.4,0.190849192548843
115.5,0.190740862812684
115.6,0.190635038034537
115.7,0.190527768381271
115.8,0.190423250295243
115.9,0.190316435422777
116,0.190212641161562
116.1,0.190106454075843
116.2,0.190002440128119
116.3,0.189896173216177
116.4,0.189793278040827
116.5,0.189689424235023
116.6,0.189581003673441
116.7,0.189476689360656
116.8,0.189370645200964
116.9,0.189267955539647
117,0.189162812850685
117.1,0.189061325828103
117.2,0.18895609642238
117.3,0.188853080589926
117.4,0.18875124282955
117.5,0.188647124478325
117.6,0.188545820224608
117.7,0.188442310830427
117.8,0.188341832941645
117.9,0.188238513442301
118,0.18813816608259
118.1,0.188034853051341
118.2,0.187934661756373
118.3,0.187832986438039
118.4,0.187728343573877
118.5,0.187627715055347
118.6,0.187525901841464
118.7,0.187426014850594
118.8,0.187327285854545
118.9,0.187224929251568
119,0.18712555910709
119.1,0.187023368709928
119.2,0.186925397703972
119.3,0.186826732510778
119.4,0.18672572253669
119.5,0.186627053067751
119.6,0.186526140616201
119.7,0.186428187990434
119.8,0.186329799245848
119.9,0.186229764836016
120,0.186132017589651
120.1,0.186031575639491
120.2,0.185934510630626
120.3,0.185838146214045
120.4,0.185738574431358
120.5,0.185640954768146
120.6,0.185542582332102
120.7,0.185441648570722
120.8,0.185343936572251
120.9,0.185244955404078
121,0.185148720401187
121.1,0.185052744294855
121.2,0.184954850166476
121.3,0.184858685741873
121.4,0.184762437006182
121.5,0.18466334572406
121.6,0.184567644492459
121.7,0.184472014605819
121.8,0.184373900192706
121.9,0.184278239962786
122,0.184183942640236
122.1,0.184086252028379
122.2,0.183991847013182
122.3,0.183894830225096
122.4,0.183800133188843
122.5,0.183706135042438
122.6,0.183608912916517
122.7,0.183514916831831
122.8,0.183421575137356
122.9,0.183325050858835
123,0.183231314615349
123.1,0.183138624953947
123.2,0.183045862527537
123.3,0.182950039263809
123.4,0.182857679155185
123.5,0.182764844640279
123.6,0.182670145552901
123.7,0.182577140505292
123.8,0.182484798522665
123.9,0.182390398507669
124,0.182297527793903
124.1,0.182204867851487
124.2,0.182109108331437
124.3,0.182016347350446
124.4,0.181924249107352
124.5,0.181831687632689
124.6,0.181737105636092
124.7,0.181645964372454
124.8,0.181553887009479
124.9,0.181460272477172
125,0.181369614762816
125.1,0.181278367718622
125.2,0.181185364718509
125.3,0.181094964711357
125.4,0.181004573446698
125.5,0.180914598702982
125.6,0.180820715495229
125.7,0.180730784660152
125.8,0.180641682768351
125.9,0.180551653771395
126,0.180458860135228
126.1,0.180369081268474
126.2,0.180279397901958
126.3,0.180187459856922
126.4,0.180098281067939
126.5,0.180009454509655
126.6,0.179919430182186
126.7,0.179828006514177
126.8,0.179739322599385
126.9,0.179650249414209
127,0.179561919224389
127.1,0.179470850035103
127.2,0.17938254078508
127.3,0.179293943183002
127.4,0.179205855969074
127.5,0.179118178964883
127.6,0.179027633617407
127.7,0.178939952931264
127.8,0.178851802504126
127.9,0.178764200451153
128,0.178674351925872
128.1,0.178587712446958
128.2,0.178499322963191
128.3,0.178412454916487
128.4,0.178323104552154
128.5,0.178236195980212
128.6,0.178149547368407
128.7,0.178062416726654
128.8,0.177976182668205
128.9,0.177887560387879
129,0.177802019200834
129.1,0.177716489880123
129.2,0.177629374573195
129.3,0.177544889683277
129.4,0.177456337462691
129.5,0.177370998889308
129.6,0.177286177165479
129.7,0.177200778650275
129.8,0.177115382641566
129.9,0.177027504586756
130,0.176942463482063
130.1,0.176856945194047
130.2,0.176771676290114
130.3,0.176688146798112
130.4,0.176601086004291
130.5,0.176516940854432
130.6,0.176432211581434
130.7,0.176348051127509
130.8,0.176263957375543
130.9,0.176177109357249
131,0.176093373480739
131.1,0.176009291652262
131.2,0.175924339136324
131.3,0.175841085988549
131.4,0.175757329926554
131.5,0.175670998458278
131.6,0.175587198340552
131.7,0.175504261937989
131.8,0.175420761064039
131.9,0.175338421359784
132,0.175255506207964
132.1,0.175173861953531
132.2,0.175089445721189
132.3,0.175008224289798
132.4,0.174925742304808
132.5,0.17484372596303
132.6,0.174761527628298
132.7,0.174679363570199
132.8,0.17459469218988
132.9,0.17451269587879
133,0.174430219864283
133.1,0.174348633157328
133.2,0.174266510625381
133.3,0.174183139170567
133.4,0.174102071306636
133.5,0.174020399995737
133.6,0.173936199591225
133.7,0.173854861585547
133.8,0.173774196608902
133.9,0.17369272778316
134,0.173611941688572
134.1,0.173531300210255
134.2,0.1734504518942
134.3,0.173369644307167
134.4,0.173286930096634
134.5,0.173205483635732
134.6,0.173125915428754
134.7,0.173046104576378
134.8,0.172965693526983
134.9,0.172885944247065
135,0.172805472168379
135.1,0.172725494348206
135.2,0.172645966840637
135.3,0.17256437341001
135.4,0.172484187114175
135.5,0.172404105728212
135.6,0.172325270711949
135.7,0.172245216643624
135.8,0.172165697755234
135.9,0.17208792789376
136,0.172008881569698
136.1,0.171929966131967
136.2,0.171851654487581
136.3,0.171774041879186
136.4,0.171696146645061
136.5,0.171617108496654
136.6,0.171540582549225
136.7,0.171463275467709
136.8,0.171386146157918
136.9,0.171307273116058
137,0.171228235100202
137.1,0.171149793529687
137.2,0.171072393124687
137.3,0.170994263634252
137.4,0.170916810460967
137.5,0.170839581499859
137.6,0.170761979251389
137.7,0.170684048392012
137.8,0.170606387560351
137.9,0.170528750200872
138,0.170449862057196
138.1,0.170372544374829
138.2,0.17029478205896
138.3,0.170218004595632
138.4,0.170142052736934
138.5,0.17006475575649
138.6,0.169987664093813
138.7,0.169912408149276
138.8,0.169835874670171
138.9,0.169759459977879
139,0.169683147331089
139.1,0.169607227589584
139.2,0.169531310415231
139.3,0.169455919187474
139.4,0.169381171161389
139.5,0.169307166858053
139.6,0.169233378787048
139.7,0.16915836098381
139.8,0.169083602497137
139.9,0.16900821709324
140,0.168932304548901
140.1,0.168855787909014
140.2,0.168781524453084
140.3,0.16870728137312
140.4,0.16863215650089
140.5,0.168557151514734
140.6,0.168482313164703
140.7,0.168407674863726
140.8,0.168333702375137
140.9,0.168259273035094
141,0.168184986576607
141.1,0.168110959445095
141.2,0.168036587449266
141.3,0.167961980545317
141.4,0.167887704967225
141.5,0.167813810935229
141.6,0.167738980690771
141.7,0.16766480709114
141.8,0.16758987647945
141.9,0.167516922090205
142,0.167445912817632
142.1,0.167373082006538
142.2,0.167300276937662
142.3,0.167226404093929
142.4,0.167152885110273
142.5,0.16707968283308
142.6,0.167006238160214
142.7,0.166932860088536
142.8,0.166859707173446
142.9,0.16678652742405
143,0.166713807361967
143.1,0.166641194161886
143.2,0.166568268532414
143.3,0.166495022504217
143.4,0.16642189405354
143.5,0.166349738157415
143.6,0.166278324626753
143.7,0.166206303041601
143.8,0.166133216766525
143.9,0.166060870802607
144,0.16599002279126
144.1,0.165919106557841
144.2,0.165849321550289
144.3,0.165782211343084
144.4,0.165711348959275
144.5,0.165639633936777
144.6,0.165568444123695
144.7,0.165497531462425
144.8,0.16542631990039
144.9,0.165355013663712
145,0.165283896315265
145.1,0.165212813440443
145.2,0.165142329847821
145.3,0.165071399280427
145.4,0.165000510572965
145.5,0.164929689853097
145.6,0.16485941549558
145.7,0.1647883609452
145.8,0.164718484878276
145.9,0.164650687558122
146,0.164581408316496
146.1,0.164510604820722
146.2,0.164441625328101
146.3,0.16437386257015
146.4,0.164305978314515
146.5,0.164236338080948
146.6,0.164166165425952
146.7,0.164095991584708
146.8,0.164026080923851
146.9,0.163956590238555
147,0.163887091601637
147.1,0.16382013270801
147.2,0.163751399578734
147.3,0.163682671590713
147.4,0.163613495395054
147.5,0.163544454815577
147.6,0.163475329927159
147.7,0.163406317730464
147.8,0.163337951711332
147.9,0.163268919746099
148,0.16320283970352
148.1,0.163136165869827
148.2,0.163070039486427
148.3,0.16300318585694
148.4,0.162934919645592
148.5,0.162866192544052
148.6,0.162798300222017
148.7,0.162730163908508
148.8,0.16266315488487
148.9,0.162597305629344
149,0.162527993926308
149.1,0.162459939127365
149.2,0.162392772960189
149.3,0.16232574229178
149.4,0.162256842952834
149.5,0.1621882798952
149.6,0.162120335686311
149.7,0.16205419122999
149.8,0.16198637972351
149.9,0.16191997321216
150,0.161854310132038
150.1,0.161788244343439
150.2,0.161720413110747
150.3,0.161653174666392
150.4,0.161588272039702
150.5,0.16152022741179
150.6,0.161452871516564
150.7,0.161385205585686
150.8,0.161317622474165
150.9,0.161250352150938
151,0.161183360182668
151.1,0.161118496381733
151.2,0.161051505818665
151.3,0.160984509438825
151.4,0.160918009285973
151.5,0.160851154973806
151.6,0.160785600720057
151.7,0.160724650241078
151.8,0.16065996795452
151.9,0.160593247511786
152,0.160526758514794
152.1,0.160460038346204
152.2,0.16039369119333
152.3,0.160329902867972
152.4,0.160264216997815
152.5,0.160198060744236
152.6,0.160131708406442
152.7,0.160065663578943
152.8,0.16000277334139
152.9,0.159937697266837
153,0.159871284477085
153.1,0.159805117528883
153.2,0.159739355965727
153.3,0.159674226641642
153.4,0.159613208487402
153.5,0.159549680783562
153.6,0.159485463407515
153.7,0.159419229943736
153.8,0.159354073095987
153.9,0.159292512833642
154,0.159227666713317
154.1,0.159163420901393
154.2,0.159099043568962
154.3,0.159034068707689
154.4,0.158970213594662
154.5,0.158904488392486
154.6,0.158839076632453
154.7,0.158774134653949
154.8,0.158709508336577
154.9,0.15864793395246
155,0.158585816302857
155.1,0.158522968036542
155.2,0.158458838159227
155.3,0.158396728055795
155.4,0.15833215674171
155.5,0.158268126974885
155.6,0.158203838116591
155.7,0.158140084965204
155.8,0.158078136013815
155.9,0.158014252959754
156,0.157950550238579
156.1,0.157887037015139
156.2,0.157825447303471
156.3,0.15776197340753
156.4,0.157698984378129
156.5,0.157637273006231
156.6,0.157577148832143
156.7,0.157517702659011
156.8,0.157453959986616
156.9,0.157390751581946
157,0.157327711629556
157.1,0.157267360689543
157.2,0.157204557500036
157.3,0.157141487936859
157.4,0.157078662955968
157.5,0.157018058762835
157.6,0.156955617707661
157.7,0.156892970615903
157.8,0.156830179677533
157.9,0.156769983434921
158,0.156707481961302
158.1,0.156646898861126
158.2,0.156587486453156
158.3,0.15652809931715
158.4,0.156466208486657
158.5,0.156403694421646
158.6,0.156344316623128
158.7,0.156282336517063
158.8,0.156220467163522
158.9,0.156158871446882
159,0.156098938851775
159.1,0.15603764888059
159.2,0.155975693244128
159.3,0.155914583068336
159.4,0.155855095522461
159.5,0.155793791012054
159.6,0.155733200246585
159.7,0.155676677958222
159.8,0.155616583001904
159.9,0.155555546949654
160,0.155494032077178
160.1,0.155435166981369
160.2,0.155373832078313
160.3,0.155312458970153
160.4,0.155253642553173
160.5,0.155192356613053
160.6,0.155131491743852
160.7,0.155069697469867
160.8,0.155010556651471
160.9,0.154949558071512
161,0.154888640717587
161.1,0.154830647654939
161.2,0.154772477660515
161.3,0.154714056584671
161.4,0.154653812043041
161.5,0.154595246667737
161.6,0.154534450315994
161.7,0.154473559272616
161.8,0.15441475947256
161.9,0.154354020057686
162,0.15429297624148
162.1,0.154234043192983
162.2,0.154173150352153
162.3,0.154112573630554
162.4,0.154054205647184
162.5,0.153993709297658
162.6,0.153934205031393
162.7,0.153878582888077
162.8,0.153819814149501
162.9,0.153759789816309
163,0.153701725882215
163.1,0.153641292366458
163.2,0.153580901599551
163.3,0.153522602380881
163.4,0.153462315505703
163.5,0.153402126600351
163.6,0.153343973599867
163.7,0.153284500703746
163.8,0.153224171891608
163.9,0.153167180081823
164,0.153107117950388
164.1,0.153048316379339
164.2,0.152994292750292
164.3,0.152936214251945
164.4,0.152876837173816
164.5,0.152819260679291
164.6,0.152759852769867
164.7,0.152700839107658
164.8,0.152643958113744
164.9,0.152585394724514
165,0.152526176414504
165.1,0.152469655989739
165.2,0.152411191891606
165.3,0.152352721630029
165.4,0.152296200112952
165.5,0.152237663048575
165.6,0.152180471309387
165.7,0.152127569624508
165.8,0.152070796238677
165.9,0.152014676203733
166,0.151956379967539
166.1,0.151898186846084
166.2,0.151841969832141
166.3,0.151783582712079
166.4,0.151725359759231
166.5,0.151669134398922
166.6,0.151610937294509
166.7,0.151554745722711
166.8,0.15149629323752
166.9,0.151437869707999
167,0.151382508838395
167.1,0.151326561927399
167.2,0.151271103443041
167.3,0.151215866441141
167.4,0.15115847675749
167.5,0.15110322814617
167.6,0.151045400144564
167.7,0.150987859560164
167.8,0.150932373207508
167.9,0.150874959969911
168,0.150819342132662
168.1,0.150761477298856
168.2,0.150703908224685
168.3,0.150648400256583
168.4,0.150590790203657
168.5,0.150533619746362
168.6,0.150480870161499
168.7,0.150426284531317
168.8,0.150372211062432
168.9,0.150315957699806
169,0.150261603038747
169.1,0.150205136296876
169.2,0.150148612104157
169.3,0.150094232136627
169.4,0.150037280351212
169.5,0.149982856388015
169.6,0.149925840688414
169.7,0.149870038276448
169.8,0.149815847851329
169.9,0.149759572907719
170,0.149706485557629
170.1,0.149652453527831
170.2,0.149597576027862
170.3,0.149543100618756
170.4,0.149486388268126
170.5,0.149432269393116
170.6,0.149375890294376
170.7,0.149321497409299
170.8,0.149265712102105
170.9,0.149210128930129
171,0.149156150841936
171.1,0.149100228761558
171.2,0.149046497031029
171.3,0.148990412918574
171.4,0.148936338801212
171.5,0.148882361509469
171.6,0.148828836677241
171.7,0.148775142661963
171.8,0.148719929668788
171.9,0.148667263956163
172,0.148612856837022
172.1,0.148559523421447
172.2,0.14850463953763
172.3,0.148451058076414
172.4,0.148396166997258
172.5,0.148341151360112
172.6,0.148288955127711
172.7,0.148234049631763
172.8,0.148181398326139
172.9,0.14812711223802
173,0.148076574198574
173.1,0.148024532517313
173.2,0.14797235762267
173.3,0.14791800718569
173.4,0.147865744421686
173.5,0.14781150642412
173.6,0.147759271546796
173.7,0.147704934292063
173.8,0.147650771471366
173.9,0.14759819330955
174,0.147543545939698
174.1,0.147491065267589
174.2,0.147436520330328
174.3,0.147384378522388
174.4,0.147331383839282
174.5,0.147282838084976
174.6,0.147230183573105
174.7,0.147178567138829
174.8,0.147125207650655
174.9,0.147073205759599
175,0.14701971614473
175.1,0.146968576732356
175.2,0.146915301466332
175.3,0.146863770055138
175.4,0.146810419487006
175.5,0.146758991104984
175.6,0.146705299107477
175.7,0.146654327472429
175.8,0.146600589390156
175.9,0.146550725570415
176,0.146500616695133
176.1,0.146450402889856
176.2,0.146397062714175
176.3,0.1463458837378
176.4,0.146292467450376
176.5,0.146241424353886
176.6,0.14618872434674
176.7,0.146138492172847
176.8,0.146085458236013
176.9,0.146034867774321
177,0.145982296542873
177.1,0.145931893247266
177.2,0.145879417863814
177.3,0.145828900502657
177.4,0.145777693713206
177.5,0.145730011164253
177.6,0.145678451688477
177.7,0.145627828460876
177.8,0.145575285202919
177.9,0.145525138659359
178,0.145473422546085
178.1,0.145423215315561
178.2,0.145370590738131
178.3,0.145320328086233
178.4,0.145268426953478
178.5,0.14521812577185
178.6,0.145166084917001
178.7,0.145116193362468
178.8,0.14506447421984
178.9,0.145016502087966
179,0.144967884830701
179.1,0.144919151590417
179.2,0.144867229638222
179.3,0.144817009330213
179.4,0.144766657626371
179.5,0.144714296783331
179.6,0.144664291925397
179.7,0.144613142582237
179.8,0.144564049462098
179.9,0.144512853676862
180,0.144463182843491
180.1,0.144411590355045
180.2,0.144362573538139
180.3,0.144310584468122
180.4,0.14426196351271
180.5,0.144214717438241
180.6,0.144164923561247
180.7,0.14411514945621
180.8,0.144063551579299
180.9,0.144013439379077
181,0.143962207185594
181.1,0.143913035312463
181.2,0.143861885092665
181.3,0.143813174344045
181.4,0.14376289591146
181.5,0.14371406729421
181.6,0.143665693352935
181.7,0.143615062461567
181.8,0.14356615373099
181.9,0.143515620453282
182,0.143470490118325
182.1,0.143422156423969
182.2,0.143373932846133
182.3,0.143325489040143
182.4,0.143275594797689
182.5,0.143227110240304
182.6,0.143177349490292
182.7,0.143128881135598
182.8,0.143078339259783
182.9,0.143030313467523
183,0.14298217614429
183.1,0.142932186324454
183.2,0.142884595934171
183.3,0.142834698310519
183.4,0.142786573483067
183.5,0.142741107262865
183.6,0.142693331662627
183.7,0.142646184310938
183.8,0.142597015302509
183.9,0.142549558217085
184,0.142499796349077
184.1,0.142451915280726
184.2,0.142404396385593
184.3,0.142354809189708
184.4,0.142307435593949
184.5,0.142258465293344
184.6,0.1422113811437
184.7,0.142164139584951
184.8,0.142114884089016
184.9,0.142067184841391
185,0.142018651881691
185.1,0.141974045555048
185.2,0.141927283467852
185.3,0.141877316621537
185.4,0.141830171200418
185.5,0.141780951699322
185.6,0.141733982295203
185.7,0.141685936744816
185.8,0.14163683096429
185.9,0.141590106056022
186,0.141541092992437
186.1,0.141493712184366
186.2,0.141446576637769
186.3,0.14139786493025
186.4,0.141350701831075
186.5,0.141303754130137
186.6,0.141256893717092
186.7,0.141212023580647
186.8,0.141163455839254
186.9,0.141116518028471
187,0.141070187740849
187.1,0.141021664787273
187.2,0.14097450235892
187.3,0.140927602990294
187.4,0.140878416816221
187.5,0.140831934836526
187.6,0.140783507582809
187.7,0.140737423546715
187.8,0.140690858882495
187.9,0.140642105644756
188,0.140595719829995
188.1,0.140549360486073
188.2,0.140503419292593
188.3,0.140459448402453
188.4,0.140412009621288
188.5,0.140365150893803
188.6,0.140318418105066
188.7,0.140269965648081
188.8,0.14022306640613
188.9,0.140176608274533
189,0.140128242550584
189.1,0.14008249844506
189.2,0.140036331321446
189.3,0.139988233205021
189.4,0.139942056737082
189.5,0.139895915856226
189.6,0.139848514005957
189.7,0.139802809448408
189.8,0.139758483804101
189.9,0.139712987885235
190,0.139667646496438
190.1,0.139621383964675
190.2,0.139574133874171
190.3,0.139527788841083
190.4,0.139482504203957
190.5,0.139434853135187
190.6,0.139389142907156
190.7,0.139343472868248
190.8,0.139295757340797
190.9,0.139249878169474
191,0.139204340148495
191.1,0.139156520051619
191.2,0.139111874351844
191.3,0.139066570602313
191.4,0.139020051431802
191.5,0.138977084877785
191.6,0.138932874209825
191.7,0.138886193756435
191.8,0.13884068805368
191.9,0.138795768887251
192,0.138749603761507
192.1,0.138704584796959
192.2,0.138659749380579
192.3,0.138613006734686
192.4,0.138568171136755
192.5,0.138522917754455
192.6,0.13847583357034
192.7,0.138431020827719
192.8,0.138385806283223
192.9,0.138339138348274
193,0.138293986182418
193.1,0.138250678693629
193.2,0.138206128378712
193.3,0.138162439961368
193.4,0.138117857192532
193.5,0.138073528958241
193.6,0.138027455057422
193.7,0.137982704668238
193.8,0.137938111320669
193.9,0.137891975769173
194,0.137847750796792
194.1,0.13780345285712
194.2,0.137757468063583
194.3,0.137713121526101
194.4,0.137668903561654
194.5,0.137624514164945
194.6,0.137578547606589
194.7,0.137535167707594
194.8,0.137491215190648
194.9,0.137447651453491
195,0.137405393958454
195.1,0.137361407729441
195.2,0.137317559592117
195.3,0.13727182924903
195.4,0.13722810025292
195.5,0.137184686486012
195.6,0.137139223350156
195.7,0.137095508453969
195.8,0.137051670695778
195.9,0.137007585766789
196,0.13696208646155
196.1,0.136918571956382
196.2,0.136875055356593
196.3,0.136829290771811
196.4,0.136785775489827
196.5,0.136741891666985
196.6,0.13669951018306
196.7,0.136655913895203
196.8,0.136613795543653
196.9,0.136570746242892
197,0.136527268832695
197.1,0.136482291331674
197.2,0.136438839340484
197.3,0.136395817680905
197.4,0.136352599056595
197.5,0.13630740083676
197.6,0.136263938222457
197.7,0.136220721581895
197.8,0.136176086740937
197.9,0.136133351224644
198,0.136090365432561
198.1,0.136047789482175
198.2,0.136002840405047
198.3,0.135959857569977
198.4,0.135918108143951
198.5,0.135877146768816
198.6,0.135834170062366
198.7,0.135791704905654
198.8,0.135747961899895
198.9,0.135704874660842
199,0.135660312919426
199.1,0.13561781725811
199.2,0.135574876148962
199.3,0.135532512852249
199.4,0.135490393053319
199.5,0.135446474946969
199.6,0.135403754258071
199.7,0.135360981843479
199.8,0.13531845435996
199.9,0.135274485813659
200,0.135231848360081
200.1,0.135189630292312
200.2,0.135147083988235
200.3,0.135103849672061
200.4,0.135063734587328
200.5,0.135023555123839
200.6,0.134981779146353
200.7,0.134938054626893
200.8,0.134895742990527
200.9,0.134853257683266
201,0.134810563474105
201.1,0.13476830223268
201.2,0.134724543765202
201.3,0.1346829506049
201.4,0.13464114901234
201.5,0.134599084508922
201.6,0.13455551319801
201.7,0.134513623625683
201.8,0.13447205910036
201.9,0.134430036857025
202,0.134387719082395
202.1,0.134344675967231
202.2,0.134303012011178
202.3,0.134262449645011
202.4,0.134223052990776
202.5,0.134183095326401
202.6,0.134139998816212
202.7,0.134098375300941
202.8,0.134056430120902
202.9,0.134014814862226
203,0.133973268936391
203.1,0.133930529165718
203.2,0.133889455143086
203.3,0.133848239696666
203.4,0.13380703728595
203.5,0.133766073872551
203.6,0.133722833039898
203.7,0.133682118477299
203.8,0.133640206868308
203.9,0.133599195952623
204,0.133558121480154
204.1,0.133515324135822
204.2,0.133474685632677
204.3,0.133434436332249
204.4,0.133395134473794
204.5,0.133356228950008
204.6,0.133315744677547
204.7,0.133274605286384
204.8,0.133233674146804
204.9,0.133192864297267
205,0.133152286026435
205.1,0.133110286136119
205.2,0.133069526848623
205.3,0.133029016669743
205.4,0.132988570296544
205.5,0.132947868152922
205.6,0.132907270551921
205.7,0.132865202400658
205.8,0.132824734883538
205.9,0.132784695943274
206,0.132744695465187
206.1,0.13270432184141
206.2,0.132664436809641
206.3,0.132622721933065
206.4,0.13258228510963
206.5,0.132543132121938
206.6,0.132504632751811
206.7,0.132466283840891
206.8,0.132424864301486
206.9,0.132384722214585
207,0.132344469635132
207.1,0.132304927336811
207.2,0.13226473545604
207.3,0.132224281357943
207.4,0.132184619716138
207.5,0.132142213248813
207.6,0.132102699449971
207.7,0.132062331232316
207.8,0.132022195060665
207.9,0.131982413108767
208,0.131942950944561
208.1,0.131901435842855
208.2,0.131861301996323
208.3,0.131821971332761
208.4,0.13178217069152
208.5,0.13174301359334
208.6,0.131703353087643
208.7,0.131663732216357
208.8,0.131623414775754
208.9,0.131586200590294
209,0.131548293119151
209.1,0.131509211448413
209.2,0.131469617360157
209.3,0.131429695238571
209.4,0.131390478071608
209.5,0.131349275979677
209.6,0.131310047065272
209.7,0.13127092016232
209.8,0.131231734941389
209.9,0.131192876887286
210,0.1311531613396
210.1,0.131114019628906
210.2,0.131072611701715
210.3,0.131033445028569
210.4,0.130994279898015
210.5,0.130955189518423
210.6,0.130916157191824
210.7,0.130877158239486
210.8,0.13083838520643
210.9,0.130798929772433
211,0.130758062770596
211.1,0.130719358408905
211.2,0.13068094033233
211.3,0.130643488020613
211.4,0.130605888584481
211.5,0.130568731190835
211.6,0.130530864290165
211.7,0.130491784851233
211.8,0.130451319324665
211.9,0.130412196133587
212,0.130373825104148
212.1,0.130335176419923
212.2,0.13029655242404
212.3,0.130258458048028
212.4,0.130220036136919
212.5,0.130181583299637
212.6,0.130143288630448
212.7,0.130102630189172
212.8,0.130064120206087
212.9,0.130025920009619
213,0.129987772127987
213.1,0.129949239417033
213.2,0.129911215833594
213.3,0.129873279226783
213.4,0.129834862265332
213.5,0.129796720018796
213.6,0.129758510017992
213.7,0.129718696686034
213.8,0.129681049291621
213.9,0.129643621365176
214,0.129607562177139
214.1,0.129571208715927
214.2,0.129534461826559
214.3,0.129496696924242
214.4,0.12945889016841
214.5,0.129421335786293
214.6,0.12938397328337
214.7,0.129344739514249
214.8,0.129307492973955
214.9,0.129269717944826
215,0.129231806748876
215.1,0.129194431652727
215.2,0.129157293523165
215.3,0.129119765986699
215.4,0.129082221715744
215.5,0.129044708711709
215.6,0.129006980032704
215.7,0.128969955434325
215.8,0.128932733914098
215.9,0.128893795625946
216,0.128856017760748
216.1,0.128818585014472
216.2,0.128781104193912
216.3,0.128743732547747
216.4,0.128706726656178
216.5,0.1286691178036
216.6,0.128631464311954
216.7,0.128594422280565
216.8,0.12855768845891
216.9,0.128521547347533
217,0.128485565748795
217.1,0.128449481818412
217.2,0.128413176529463
217.3,0.128374340786714
217.4,0.128336909762422
217.5,0.128300116656645
217.6,0.128262900008
217.7,0.128226007482633
217.8,0.128188694901799
217.9,0.12815202180862
218,0.128115079225548
218.1,0.128077837032088
218.2,0.128040547646924
218.3,0.128003899382018
218.4,0.127966904533857
218.5,0.127930338115018
218.6,0.127893463962212
218.7,0.127856687563674
218.8,0.12781984624683
218.9,0.127782783564956
219,0.127745956611195
219.1,0.127707668092966
219.2,0.127670792146284
219.3,0.127634034608068
219.4,0.127597420664857
219.5,0.127560921031016
219.6,0.127524887660363
219.7,0.127488477674778
219.8,0.127452047495295
219.9,0.127415525889048
220,0.127379099154603
220.1,0.127342610742676
220.2,0.127307366876778
220.3,0.127272099604763
220.4,0.127236282854353
220.5,0.127200674810572
220.6,0.127164856948509
220.7,0.127128384979719
220.8,0.127091327104065
220.9,0.127055080041304
221,0.127018954152347
221.1,0.12698245807379
221.2,0.126946360247982
221.3,0.126909722837307
221.4,0.126873350332314
221.5,0.126837050886585
221.6,0.12680096326415
221.7,0.126765404056108
221.8,0.126728947956032
221.9,0.126691009334552
222,0.126655231660193
222.1,0.126619113072339
222.2,0.12658243913731
222.3,0.126546651394258
222.4,0.126511310496968
222.5,0.126475250211138
222.6,0.126439158517324
222.7,0.126403242673025
222.8,0.126367570822732
222.9,0.126331646496316
223,0.126295631218755
223.1,0.126259300561384
223.2,0.126223595169446
223.3,0.126187537738342
223.4,0.126152059703587
223.5,0.126116327978905
223.6,0.126079916070818
223.7,0.126044305545005
223.8,0.126009313997661
223.9,0.12597379199737
224,0.125938249268053
224.1,0.125903059900632
224.2,0.1258683772277
224.3,0.125834117601177
224.4,0.125799291308439
224.5,0.125764783659128
224.6,0.125729885391442
224.7,0.125694806206091
224.8,0.125659395708206
224.9,0.125624265943568
225,0.125589394126813
225.1,0.125554156564401
225.2,0.125518884526941
225.3,0.125483617226279
225.4,0.125448240665279
225.5,0.125412915701412
225.6,0.125377395915928
225.7,0.125341726688468
225.8,0.125306557620475
225.9,0.125271356778974
226,0.125236308317017
226.1,0.125201296434611
226.2,0.125166498858461
226.3,0.125131683179975
226.4,0.125096544375923
226.5,0.12506159308473
226.6,0.12502662254067
226.7,0.124991360447274
226.8,0.124956876226301
226.9,0.124923873105661
227,0.124889030638924
227.1,0.124854017070143
227.2,0.124819623836052
227.3,0.124784629654917
227.4,0.124749928796999
227.5,0.1247150780859
227.6,0.124679918953897
227.7,0.124645258236367
227.8,0.124610993384964
227.9,0.124576756642461
228,0.124541994251805
228.1,0.124507453728295
228.2,0.124472637059171
228.3,0.124437651545875
228.4,0.12440316787393
228.5,0.124368622573922
228.6,0.124333545695424
228.7,0.124298680095349
228.8,0.124264237383001
228.9,0.124229841113851
229,0.124195426594662
229.1,0.124161007707167
229.2,0.124126481853001
229.3,0.124092415608276
229.4,0.124058415213079
229.5,0.12402478712135
229.6,0.123991078066652
229.7,0.12395742929427
229.8,0.123925381594259
229.9,0.123891438679111
230,0.123857733471206
230.1,0.123824186731618
230.2,0.123790901928207
230.3,0.12375674360339
230.4,0.123722844798031
230.5,0.123688433333903
230.6,0.123654054871265
230.7,0.123619823287219
230.8,0.123585594699896
230.9,0.123551602101617
231,0.123517515085008
231.1,0.123483583324063
231.2,0.123449498805965
231.3,0.123415276155518
231.4,0.123381385712996
231.5,0.123347778127555
231.6,0.123315471351247
231.7,0.123281405923944
231.8,0.123247388611345
231.9,0.123213406481379
232,0.123179327443105
232.1,0.123146043824161
232.2,0.123112323511421
232.3,0.123078159850252
232.4,0.123044637171825
232.5,0.123010666910493
232.6,0.122976998730772
232.7,0.122943555318314
232.8,0.122909768944071
232.9,0.122876230839954
233,0.122842749105117
233.1,0.122810761698091
233.2,0.122777513046444
233.3,0.12274327167745
233.4,0.122709963843335
233.5,0.122677033046256
233.6,0.122643461463136
233.7,0.122610047411391
233.8,0.122576473250746
233.9,0.122542982306127
234,0.122509489659715
234.1,0.122475909500931
234.2,0.122443139887052
234.3,0.122411027021406
234.4,0.12237794476749
234.5,0.122344398890009
234.6,0.122310996385195
234.7,0.122277628796332
234.8,0.122244712248148
234.9,0.122211730022331
235,0.122178069893346
235.1,0.122144992970993
235.2,0.122112097329842
235.3,0.122078849688016
235.4,0.122047678961639
235.5,0.122014596266214
235.6,0.121981628154197
235.7,0.121948713560532
235.8,0.121915926765447
235.9,0.121882772179663
236,0.121850176039901
236.1,0.121817058346739
236.2,0.121784158090885
236.3,0.121751292132811
236.4,0.121719873615098
236.5,0.121686843649217
236.6,0.121654370997996
236.7,0.121621323518919
236.8,0.121588233618911
236.9,0.121555036863917
237,0.121522090231064
237.1,0.121489361229026
237.2,0.121456009635048
237.3,0.121423381541876
237.4,0.121391988490833
237.5,0.121359138213562
237.6,0.12132619099459
237.7,0.121293576469754
237.8,0.121260913860403
237.9,0.121228277557839
238,0.121195800475012
238.1,0.121163407425993
238.2,0.121131903453275
238.3,0.121099571004092
238.4,0.121067037071117
238.5,0.121034348656523
238.6,0.121001898809294
238.7,0.120969478419316
238.8,0.12093697606576
238.9,0.120904906914805
239,0.120871971339987
239.1,0.120841167751346
239.2,0.120808751534194
239.3,0.12077588798887
239.4,0.120743596552743
239.5,0.120710893554511
239.6,0.120678765992392
239.7,0.120645920243762
239.8,0.120615104643452
239.9,0.120582909481439
240,0.120550605700645
240.1,0.120518825368326
240.2,0.120486828455191
240.3,0.120454716756493
240.4,0.120422119172077
240.5,0.120389804858135
240.6,0.120359364777207
240.7,0.120327310443732
240.8,0.120295325806436
240.9,0.120263103017945
241,0.120230809189808
241.1,0.120198709977768
241.2,0.120166432725746
241.3,0.120136047002199
241.4,0.120104114931589
241.5,0.120072243538812
241.6,0.120040145460933
241.7,0.120008013398187
241.8,0.119976372773136
241.9,0.119944439034363
242,0.119914055690949
242.1,0.119882254782042
242.2,0.119850340866008
242.3,0.119818306508869
242.4,0.119786115357916
242.5,0.119754608833878
242.6,0.119724580825677
242.7,0.119692855521664
242.8,0.119661312581517
242.9,0.119629258338881
243,0.119597788065972
243.1,0.119566208846537
243.2,0.119534479152529
243.3,0.119504125432115
243.4,0.119473069544748
243.5,0.11944140019113
243.6,0.119410091764562
243.7,0.119378760234677
243.8,0.119347132336292
243.9,0.11931724514323
244,0.119285329726182
244.1,0.119253738959725
244.2,0.119222184402464
244.3,0.119190751466796
244.4,0.11915916912713
244.5,0.119129806960501
244.6,0.119098232790209
244.7,0.119066922601469
244.8,0.119035160396674
244.9,0.119003503441729
245,0.118971644142289
245.1,0.1189411924395
245.2,0.118909996241576
245.3,0.118878352487088
245.4,0.118846802072946
245.5,0.118815557923841
245.6,0.118786057649356
245.7,0.118754582669158
245.8,0.118723361534557
245.9,0.118692136300178
246,0.118660949814932
246.1,0.118630324440527
246.2,0.118600749280743
246.3,0.118569675018772
246.4,0.118538328137744
246.5,0.118507155407054
246.6,0.118475448478029
246.7,0.118445786395703
246.8,0.118414560927177
246.9,0.118383591144008
247,0.118352947642262
247.1,0.118321818290553
247.2,0.118290977279698
247.3,0.118261185073819
247.4,0.118230154066563
247.5,0.118198924566365
247.6,0.118168456247078
247.7,0.118137765823853
247.8,0.11810828886197
247.9,0.118077495172992
248,0.118046805280581
248.1,0.118015767329367
248.2,0.117984503228572
248.3,0.117955352529646
248.4,0.117923945891809
248.5,0.117892900975956
248.6,0.117861964263342
248.7,0.117830716972672
248.8,0.117800648170135
248.9,0.117769536183499
249,0.117738518629178
249.1,0.117707512604844
249.2,0.117676489410672
249.3,0.117647002197848
249.4,0.117616188611182
249.5,0.117585735802517
249.6,0.117555516894878
249.7,0.11752620277417
249.8,0.117496219104605
249.9,0.11746579936015
250,0.117435094904366
250.1,0.117404547826335
250.2,0.117375522241502
250.3,0.117345508180604
250.4,0.117315363144475
250.5,0.117285108233192
250.6,0.117254712243214
250.7,0.117225841486004
250.8,0.117194861137516
250.9,0.117164491401649
251,0.117134119579715
251.1,0.117105216911896
251.2,0.117075019144659
251.3,0.117044506426109
251.4,0.117014471925629
251.5,0.116984048588101
251.6,0.116955350144339
251.7,0.116925003846292
251.8,0.116894716468552
251.9,0.116864812496095
252,0.116836202008143
252.1,0.11680582664453
252.2,0.116775624415633
252.3,0.116745524716264
252.4,0.116715104742488
252.5,0.116686649329792
252.6,0.116656183178431
252.7,0.116626041293567
252.8,0.116596068191704
252.9,0.116567471791402
253,0.116537638486298
253.1,0.116507328982659
253.2,0.116477411044914
253.3,0.116449077086208
253.4,0.11641934764003
253.5,0.116389767158122
253.6,0.116360056528282
253.7,0.116331245661647
253.8,0.116300910119123
253.9,0.116270661206182
254,0.116240180508314
254.1,0.1162108618896
254.2,0.116180562857516
254.3,0.116150849871764
254.4,0.116120885051152
254.5,0.116092968881019
254.6,0.116063457819081
254.7,0.116033873069139
254.8,0.116004265337947
254.9,0.115976441156312
255,0.115947393088929
255.1,0.115917733469786
255.2,0.115888128574997
255.3,0.115859593586964
255.4,0.11583001840979
255.5,0.115800518869158
255.6,0.115770984539187
255.7,0.115743785833236
255.8,0.115713858783692
255.9,0.11568440769024
256,0.115654887364877
256.1,0.115627121074056
256.2,0.115597292226636
256.3,0.115567549519413
256.4,0.115537961640688
256.5,0.115510146283224
256.6,0.115480760623796
256.7,0.115451729075163
256.8,0.115422008263546
256.9,0.11539381946573
257,0.115364433882951
257.1,0.115335887013642
257.2,0.115306696098683
257.3,0.115278621651774
257.4,0.115249488881143
257.5,0.115220404171494
257.6,0.115191484633384
257.7,0.115161796567638
257.8,0.115131020366953
257.9,0.115100824331794
258,0.11507248312546
258.1,0.115042874825617
258.2,0.115013956626993
258.3,0.114985202142908
258.4,0.114957716501918
258.5,0.114928528868589
258.6,0.114899814910372
258.7,0.114871848837849
258.8,0.11484293988749
258.9,0.114814303334062
259,0.114785437819514
259.1,0.114757698083863
259.2,0.114728134649523
259.3,0.114699364409896
259.4,0.114671987928219
259.5,0.11464371711668
259.6,0.114614606602229
259.7,0.114585362856402
259.8,0.114557921183543
259.9,0.114529389925718
260,0.114499873778218
260.1,0.114472753292131
260.2,0.114444442096551
260.3,0.114415677424884
260.4,0.114387043411271
260.5,0.114359630978725
260.6,0.114330281201364
260.7,0.114301428568389
260.8,0.114273823676715
260.9,0.114243587025001
261,0.114213914479393
261.1,0.114184166597309
261.2,0.114156658919602
261.3,0.114128155432088
261.4,0.114099316981212
261.5,0.114071960638428
261.6,0.114043272969602
261.7,0.114014486244624
261.8,0.113987587010407
261.9,0.113959078817757
262,0.113930191784351
262.1,0.113901195204194
262.2,0.113874167527323
262.3,0.1138455127681
262.4,0.113816964526139
262.5,0.113790041138726
262.6,0.11376174855438
262.7,0.113733533253449
262.8,0.113706738164807
262.9,0.113678047868053
263,0.113650083433606
263.1,0.113623354902519
263.2,0.113595449781671
263.3,0.113567727884593
263.4,0.113541160830328
263.5,0.113512693649907
263.6,0.1134829139848
263.7,0.11345393294931
263.8,0.113425928029315
263.9,0.113397865150892
264,0.113369928527548
264.1,0.113343741076778
264.2,0.113316295653115
264.3,0.113288326835679
264.4,0.113261620089755
264.5,0.113233512836981
264.6,0.113205693990973
264.7,0.113178978629018
264.8,0.113151341267984
264.9,0.11312339533053
265,0.113096775523593
265.1,0.113068933363388
265.2,0.113040545689862
265.3,0.113013795868004
265.4,0.112985822474589
265.5,0.112957940841563
265.6,0.112931966828791
265.7,0.112904543571864
265.8,0.112876991654189
265.9,0.112849923122675
266,0.112820582392331
266.1,0.112790932434175
266.2,0.112763417112377
266.3,0.112735499710553
266.4,0.112707577770668
266.5,0.112681748718689
266.6,0.112653576414186
266.7,0.112625944936105
266.8,0.112599397628305
266.9,0.112571885327867
267,0.112543654088647
267.1,0.112516763737598
267.2,0.11248929334664
267.3,0.112461661367239
267.4,0.11243546561419
267.5,0.112407772733612
267.6,0.112380142341983
267.7,0.11235388056789
267.8,0.11232646891489
267.9,0.11229849097378
268,0.112272221989863
268.1,0.112244594105755
268.2,0.112215748812791
268.3,0.112187920323557
268.4,0.112159177435581
268.5,0.112131387136107
268.6,0.112105673157241
268.7,0.112078192883415
268.8,0.112050309472572
268.9,0.112024729996272
269,0.111997209103229
269.1,0.111971331015948
269.2,0.111944074745248
269.3,0.111916735823568
269.4,0.111890730940244
269.5,0.111863305562276
269.6,0.111836105034961
269.7,0.111810478276481
269.8,0.111783272136852
269.9,0.11175589465238
270,0.111730513409111
270.1,0.111703697380465
270.2,0.111676275989288
270.3,0.111649152462009
270.4,0.111620267548977
270.5,0.111593177163147
270.6,0.111566008997965
270.7,0.111538893999242
270.8,0.111513546947117
270.9,0.11148650873749
271,0.111459942473805
271.1,0.111434218959238
271.2,0.111407033130725
271.3,0.111381224917516
271.4,0.111354277541287
271.5,0.111327272380754
271.6,0.111301596823952
271.7,0.111274921422935
271.8,0.111247695573948
271.9,0.111222296984412
272,0.111195320402886
272.1,0.111168368338369
272.2,0.111141867421608
272.3,0.111112531746886
272.4,0.111086187662554
272.5,0.111059420272406
272.6,0.111032556467384
272.7,0.111006892669458
272.8,0.110980306449471
272.9,0.110954809969653
273,0.110928367669623
273.1,0.110901982988088
273.2,0.11087715068663
273.3,0.110850548465541
273.4,0.110823527703074
273.5,0.110798485742851
273.6,0.110771441502202
273.7,0.110746445161817
273.8,0.110720302700217
273.9,0.110693567376422
274,0.11066790806869
274.1,0.110639266903012
274.2,0.110612686223555
274.3,0.110585766317376
274.4,0.110559244811198
274.5,0.110533246174669
274.6,0.110506845200502
274.7,0.110480359883439
274.8,0.110455670482958
274.9,0.110428757282428
275,0.110403611452736
275.1,0.110377712986486
275.2,0.110350812172358
275.3,0.110325675750782
275.4,0.110299482869828
275.5,0.11027459079737
275.6,0.110247679156898
275.7,0.1102208260626
275.8,0.11019372669528
275.9,0.110165645174026
276,0.110140876502654
276.1,0.110114076198325
276.2,0.110087801841451
276.3,0.110063202399738
276.4,0.110037357586713
276.5,0.110012684256696
276.6,0.109986225863232
276.7,0.109960292239097
276.8,0.109935958529165
276.9,0.109910332732288
277,0.109885871902655
277.1,0.10985973147962
277.2,0.109835071563574
277.3,0.109809137026706
277.4,0.109780961518145
277.5,0.109753923119893
277.6,0.109726545685432
277.7,0.109701376549072
277.8,0.109674957047274
277.9,0.10964919621849
278,0.109624004658366
278.1,0.109598205319115
278.2,0.109573409006783
278.3,0.109547406189247
278.4,0.1095230655004
278.5,0.109496925862443
278.6,0.109470854389621
278.7,0.109445843330611
278.8,0.109419930324902
278.9,0.10939455870638
279,0.109365780731665
279.1,0.109338176132862
279.2,0.10931314578719
279.3,0.109287269451004
279.4,0.109262954080939
279.5,0.109236974906126
279.6,0.109212528238919
279.7,0.109187100630159
279.8,0.109161665471719
279.9,0.109137210590746
280,0.109111298063205
280.1,0.109087297558673
280.2,0.10906145165426
280.3,0.109037000492028
280.4,0.109011379645111
280.5,0.108983251157836
280.6,0.108957173570867
280.7,0.108931297936615
280.8,0.108907159409859
280.9,0.108881482333206
281,0.108856841533614
281.1,0.108831608312685
281.2,0.108806210860823
281.3,0.108781942895686
281.4,0.10875673700713
281.5,0.108732829673342
281.6,0.108707032860878
281.7,0.10868321092735
281.8,0.108657344388907
281.9,0.108632110845753
282,0.108604106894509
282.1,0.108577947029465
282.2,0.10855385105586
282.3,0.108528480224267
282.4,0.108504375829289
282.5,0.108478957907502
282.6,0.108454827252883
282.7,0.108429489501299
282.8,0.108405311720071
282.9,0.108380044779938
283,0.108354391797806
283.1,0.10833024916654
283.2,0.108304568558743
283.3,0.108279441285926
283.4,0.108250847608288
283.5,0.108226094685024
283.6,0.108200959727082
283.7,0.108176880141334
283.8,0.108151593689665
283.9,0.108127600577718
284,0.108102630525973
284.1,0.108076803080024
284.2,0.108052948916433
284.3,0.108027361399117
284.4,0.108003292480978
284.5,0.10797850981783
284.6,0.107954041564248
284.7,0.107926516177656
284.8,0.107900471880033
284.9,0.107875522086876
285,0.107851611151267
285.1,0.107826749291272
285.2,0.107801877739145
285.3,0.107778399002134
285.4,0.107753415886208
285.5,0.107730099260582
285.6,0.107705205140303
285.7,0.107681489801565
285.8,0.107656235285981
285.9,0.107632569800468
286,0.107605394772223
286.1,0.1075794566084
286.2,0.107554187554717
286.3,0.107530763239161
286.4,0.107505829468861
286.5,0.107482779493229
286.6,0.107458123246296
286.7,0.10743450880155
286.8,0.107409923892385
286.9,0.107385043377013
287,0.107361575272269
287.1,0.10733631979816
287.2,0.107312698258792
287.3,0.107284670564521
287.4,0.107259333220278
287.5,0.107234433926569
287.6,0.107211511009075
287.7,0.107186681243204
287.8,0.107163335719307
287.9,0.107139726345166
288,0.107116879044701
288.1,0.107092179987538
288.2,0.107068980904195
288.3,0.107044132978977
288.4,0.107021302614261
288.5,0.106994646676977
288.6,0.106969054810149
288.7,0.106944369739594
288.8,0.106921908513663
288.9,0.106897756018605
289,0.106874591461189
289.1,0.106850578167801
289.2,0.106828066022272
289.3,0.106803730506537
289.4,0.106780826942084
289.5,0.106756760244376
289.6,0.106733972587548
289.7,0.106708168830107
289.8,0.106681193084977
289.9,0.106658007728228
290,0.106633940494299
290.1,0.106611139601541
290.2,0.106586889725605
290.3,0.106564591742959
290.4,0.106540312123898
290.5,0.106517374933248
290.6,0.106493734329801
290.7,0.106471420217007
290.8,0.106447239311812
290.9,0.106422099271401
291,0.106395759815622
291.1,0.106373155789929
291.2,0.106348573662917
291.3,0.106326020894135
291.4,0.106302444361837
291.5,0.106279687680375
291.6,0.10625549737464
291.7,0.106233324408997
291.8,0.106209597156965
291.9,0.106186469766235
292,0.106161712422045
292.1,0.106136127070001
292.2,0.10611236609608
292.3,0.106088250947679
292.4,0.106065928047141
292.5,0.106041643498947
292.6,0.106018979110148
292.7,0.105994882793395
292.8,0.105972364731069
292.9,0.105948042279082
293,0.105925672480104
293.1,0.105901473123359
293.2,0.105876423973745
293.3,0.105850723687521
293.4,0.105828383738705
293.5,0.10580472142467
293.6,0.105782423994508
293.7,0.105758385624829
293.8,0.105735803778201
293.9,0.105711550190066
294,0.105688284574949
294.1,0.105664650207046
294.2,0.10564209023431
294.3,0.105615325588076
294.4,0.105590867687605
294.5,0.10556734527895
294.6,0.105544916875508
294.7,0.105521453566589
294.8,0.105498607972451
294.9,0.10547490224302
295,0.105451745155087
295.1,0.10542959407629
295.2,0.105405933309629
295.3,0.105383549382311
295.4,0.105356020324798
295.5,0.105332299134525
295.6,0.105308627841184
295.7,0.105286087251044
295.8,0.105261617747782
295.9,0.105239344352952
296,0.105215968886337
296.1,0.105193797102216
296.2,0.10516987733497
296.3,0.10514711190119
296.4,0.105121861379326
296.5,0.105096099974861
296.6,0.105072296214717
296.7,0.105050409223033
296.8,0.105028338962633
296.9,0.1050050029209
297,0.104982739841069
297.1,0.104959365638461
297.2,0.104937343877457
297.3,0.104913989097883
297.4,0.104891466303821
297.5,0.104864944784338
297.6,0.1048412820022
297.7,0.104817791370146
297.8,0.104796015269215
297.9,0.104772758841667
298,0.104750918360357
298.1,0.104729071530169
298.2,0.104705963953149
298.3,0.104683675498485
298.4,0.104660097610934
298.5,0.104635143836063
298.6,0.104610114121434
298.7,0.104588377453349
298.8,0.104564932427507
298.9,0.104543211713393
299,0.104521170250296
299.1,0.104498136527498
299.2,0.104476414724588
299.3,0.104453283043748
299.4,0.104431045373739
299.5,0.104404714845716
299.6,0.104381089582588
299.7,0.10435808018761
299.8,0.104336088615447
299.9,0.104313213163732
300,0.10429115769572
300.1,0.104269201328741
300.2,0.104246343047425
300.3,0.104223865502919
300.4,0.104201033997072
300.5,0.104176102616901
300.6,0.104151764453587
300.7,0.104130009518315
300.8,0.104108486857944
300.9,0.104085507557687
301,0.104063478091694
301.1,0.104040602738195
301.2,0.10401860785024
301.3,0.103995669693151
301.4,0.103973141523136
301.5,0.103946954117067
301.6,0.103925099199292
301.7,0.103903622048455
301.8,0.103880609457604
301.9,0.103859119433933
302,0.10383607756297
302.1,0.103814542551795
302.2,0.103792039618918
302.3,0.10377016941855
302.4,0.10374568430934
302.5,0.103720995906324
302.6,0.10369982153037
302.7,0.103677143406421
302.8,0.103655348134363
302.9,0.103632633563801
303,0.10361085179761
303.1,0.103589469562134
303.2,0.103567355970689
303.3,0.103544179649589
303.4,0.103517567102817
303.5,0.103496472598283
303.6,0.103474030002204
303.7,0.103452234520744
303.8,0.103430848561184
303.9,0.103408189123796
304,0.103386590841667
304.1,0.103364200546372
304.2,0.103342407438956
304.3,0.103317303715713
304.4,0.103294526110282
304.5,0.103273269796876
304.6,0.103250260490824
304.7,0.103228884260344
304.8,0.103206350151949
304.9,0.103185150330569
305,0.103164378379656
305.1,0.103141919666113
305.2,0.103116787765394
305.3,0.103093708177572
305.4,0.103072753224294
305.5,0.103051778224132
305.6,0.103029368003812
305.7,0.103008144147874
305.8,0.102986121823872
305.9,0.102965028061466
306,0.102944023988513
306.1,0.102917555272155
306.2,0.102896077644352
306.3,0.102873833893266
306.4,0.102852804985435
306.5,0.102830583198701
306.6,0.102809635717692
306.7,0.102788105221174
306.8,0.102766245749646
306.9,0.10274440408776
307,0.102718385726886
307.1,0.102697104309782
307.2,0.102676249218983
307.3,0.102653913019211
307.4,0.102633129632047
307.5,0.102611008903284
307.6,0.102590420309542
307.7,0.102569963514292
307.8,0.10254585543409
307.9,0.102522067903219
308,0.10250006195455
308.1,0.102479686479027
308.2,0.102459088164374
308.3,0.102437257311072
308.4,0.102416033795235
308.5,0.102394922442654
308.6,0.102372948512787
308.7,0.102348936182615
308.8,0.102325975711244
308.9,0.102305491703898
309,0.102283861461519
309.1,0.102261596314443
309.2,0.102240813711889
309.3,0.102218930230782
309.4,0.102198219225388
309.5,0.102175130216012
309.6,0.102150301142732
309.7,0.102129831818941
309.8,0.102108030292405
309.9,0.102087128128048
310,0.102066690907017
310.1,0.102044562079835
310.2,0.102023738912919
310.3,0.102003252082019
310.4,0.101977746566746
310.5,0.101956817730382
310.6,0.101934701849983
310.7,0.101914221323299
310.8,0.10189352201125
310.9,0.101872137677201
311,0.101851526949532
311.1,0.101830876348036
311.2,0.10180580284657
311.3,0.101783797658504
311.4,0.101761756692406
311.5,0.101741157557833
311.6,0.101720970953866
311.7,0.101699503358461
311.8,0.101679475034455
311.9,0.101657955726903
312,0.101635059284606
312.1,0.101611965384056
312.2,0.101590679587265
312.3,0.101569788293305
312.4,0.101549365467004
312.5,0.101527557773282
312.6,0.101507790406401
312.7,0.101487143833554
312.8,0.101463993779445
312.9,0.101440819285066
313,0.101419094650388
313.1,0.101399037401237
313.2,0.101378746126742
313.3,0.10135682631995
313.4,0.101336759229161
313.5,0.101316876265361
313.6,0.10129375274194
313.7,0.101270285514771
313.8,0.101250052798161
313.9,0.10122858296155
314,0.101208306486899
314.1,0.101187121272851
314.2,0.101167129371131
314.3,0.101146918866131
314.4,0.101123431563639
314.5,0.101100770246139
314.6,0.101081318131754
314.7,0.101060469934773
314.8,0.101040425500869
314.9,0.101019977280954
315,0.100998450825414
315.1,0.100978594875664
315.2,0.100954202835504
315.3,0.100931300281452
315.4,0.100911074493968
315.5,0.100890153012275
315.6,0.100870241650896
315.7,0.100850688919482
315.8,0.100829596844073
315.9,0.100809267262754
316,0.100785589524396
316.1,0.10076413028782
316.2,0.100744148472174
316.3,0.100723843678889
316.4,0.1007028797758
316.5,0.10068244319749
316.6,0.100662377759205
316.7,0.100639869128857
316.8,0.100616021571506
316.9,0.100596685159389
317,0.10057539962623
317.1,0.100555724674544
317.2,0.100535481324305
317.3,0.100514489908323
317.4,0.100495111999042
317.5,0.100471739417783
317.6,0.100449939799497
317.7,0.10043032974328
317.8,0.100409233691253
317.9,0.100389723685427
318,0.100370296027307
318.1,0.100349370450682
318.2,0.100328990780631
318.3,0.100305620214184
318.4,0.100284742440101
318.5,0.10026529830484
318.6,0.100245741364058
318.7,0.100225546085192
318.8,0.100206236331136
318.9,0.100186722736208
319,0.100162232381379
319.1,0.100141389720139
319.2,0.10012200437645
319.3,0.100101380625665
319.4,0.100082102384441
319.5,0.100062228343717
319.6,0.100040876831035
319.7,0.100019455436848
319.8,0.0999968548698003
319.9,0.0999763916579909
320,0.0999572185636797
320.1,0.0999378526207967
320.2,0.0999184764964695
320.3,0.0998975634348642
320.4,0.0998774063905475
320.5,0.0998538923613159
320.6,0.0998331373939082
320.7,0.0998135372225513
320.8,0.0997941972851651
320.9,0.0997736298998181
321,0.0997540640724603
321.1,0.099734404295801
321.2,0.0997095560817487
321.3,0.0996894986024829
321.4,0.0996700912911435
321.5,0.0996496212288308
321.6,0.0996298365843991
321.7,0.0996103620707078
321.8,0.0995902576000039
321.9,0.0995666137933328
322,0.0995467416032838
322.1,0.0995263469417457
322.2,0.0995072940973153
322.3,0.0994876452349621
322.4,0.0994668367834979
322.5,0.0994477674001969
322.6,0.099424663663156
322.7,0.0994043055412765
322.8,0.0993837406376517
322.9,0.099364061666913
323,0.0993441905475993
323.1,0.0993232219620613
323.2,0.0993039246154123
323.3,0.0992809432089143
323.4,0.0992591393015705
323.5,0.099240227167908
323.6,0.0992213510539327
323.7,0.0992010291412644
323.8,0.0991823208205023
323.9,0.0991632297209469
324,0.099140106962567
324.1,0.0991189502818214
324.2,0.0991000564240171
324.3,0.0990812880218063
324.4,0.0990612482857833
324.5,0.099042491987455
324.6,0.0990232095769051
324.7,0.0989989969076997
324.8,0.0989791554451998
324.9,0.0989602216105461
325,0.0989400682965692
325.1,0.098920673922502
325.2,0.0989015852442432
325.3,0.0988824661067413
325.4,0.0988580559711179
325.5,0.0988392688127937
325.6,0.0988199471164095
325.7,0.0987994769276306
325.8,0.0987805019065889
325.9,0.0987616456604223
326,0.0987418887388436
326.1,0.0987178772627165
326.2,0.0986994388782216
326.3,0.0986801909336512
326.4,0.0986600608228515
326.5,0.0986413981649977
326.6,0.0986221921906254
326.7,0.0986003911417842
326.8,0.0985787464618126
326.9,0.0985603290514553
327,0.0985412256093695
327.1,0.0985212011377025
327.2,0.0985027671790623
327.3,0.0984846412293257
327.4,0.0984610639140028
327.5,0.0984417048092889
327.6,0.0984230634148789
327.7,0.0984044282919892
327.8,0.098384248666526
327.9,0.0983658376377536
328,0.0983467344175078
328.1,0.0983225554525439
328.2,0.0983033947757334
328.3,0.0982842979765628
328.4,0.0982655959502579
328.5,0.0982457617814575
328.6,0.0982274300688208
328.7,0.0982060511681322
328.8,0.0981853801408244
328.9,0.098166430572738
329,0.0981478903195693
329.1,0.0981290535591237
329.2,0.0981096484600049
329.3,0.0980911395319317
329.4,0.0980680507156246
329.5,0.0980494220229659
329.6,0.0980297332020927
329.7,0.0980113477699803
329.8,0.0979931069342159
329.9,0.0979739435463541
330,0.0979518950530525
330.1,0.0979314380863066
330.2,0.0979134281437589
330.3,0.0978940014303032
330.4,0.0978757197269128
330.5,0.0978569528484613
330.6,0.0978383276292535
330.7,0.0978138681909384
330.8,0.0977956621276495
330.9,0.0977775953917015
331,0.0977577734636444
331.1,0.0977396052989109
331.2,0.0977205570478705
331.3,0.0976983561870974
331.4,0.0976780874512614
331.5,0.0976598776255482
331.6,0.0976418580188001
331.7,0.0976237770317391
331.8,0.0976042724026913
331.9,0.0975841762784427
332,0.0975623573092055
332.1,0.0975444120505384
332.2,0.0975250766182178
332.3,0.0975068908454299
332.4,0.0974884136820042
332.5,0.097469740759278
332.6,0.0974454311301292
332.7,0.0974274092840217
332.8,0.0974089464755847
332.9,0.0973911548192327
333,0.0973714355670504
333.1,0.0973535038753536
333.2,0.0973311172530494
333.3,0.0973113013527908
333.4,0.0972933580602986
333.5,0.0972752835762552
333.6,0.0972576548494421
333.7,0.0972379894729038
333.8,0.0972167671951207
333.9,0.0971972615652357
334,0.0971789933837579
334.1,0.0971598264505373
334.2,0.0971419115163252
334.3,0.0971233962248148
334.4,0.0971030194633357
334.5,0.0970813156283603
334.6,0.0970636807184977
334.7,0.0970458252992237
334.8,0.0970276838987554
334.9,0.0970082565472506
335,0.0969886389200939
335.1,0.0969672459969757
335.2,0.0969492390591636
335.3,0.0969301381158596
335.4,0.0969119473365851
335.5,0.0968941497542219
335.6,0.096875585827776
335.7,0.0968533085472457
335.8,0.0968346580995484
335.9,0.0968166842220083
336,0.0967989016117505
336.1,0.0967809705995628
336.2,0.0967615184695506
336.3,0.0967396282470637
336.4,0.0967218717813442
336.5,0.0967037240006427
336.6,0.0966848833606627
336.7,0.0966674973174341
336.8,0.0966487972345229
336.9,0.0966265412467498
337,0.0966079279988734
337.1,0.0965896993143812
337.2,0.0965718864781953
337.3,0.096554260537037
337.4,0.0965348718379844
337.5,0.0965126310163383
337.6,0.0964946189476905
337.7,0.0964768989646395
337.8,0.0964591563588142
337.9,0.0964404337457957
338,0.0964210676019307
338.1,0.0963996631505304
338.2,0.0963818016000121
338.3,0.0963635147649235
338.4,0.0963458208956733
338.5,0.0963283326293796
338.6,0.0963090762010143
338.7,0.0962865363881935
338.8,0.096269043775372
338.9,0.0962514420956568
339,0.0962340988125101
339.1,0.096216455438003
339.2,0.0961951647102311
339.3,0.0961755710946788
339.4,0.0961578494445539
339.5,0.0961404834231368
339.6,0.0961218242677796
339.7,0.0961041021908457
339.8,0.0960829169534853
339.9,0.0960641726137276
340,0.0960470305739731
340.1,0.0960279942520752
340.2,0.0960105943184399
340.3,0.0959927134273565
340.4,0.0959696589312116
340.5,0.0959513614989992
340.6,0.0959339823461741
340.7,0.0959168140186187
340.8,0.0958992402513079
340.9,0.095881305410412
341,0.0958580205782308
341.1,0.0958409829068952
341.2,0.0958237029944022
341.3,0.0958060365630081
341.4,0.0957885078276201
341.5,0.0957679874574956
341.6,0.0957479016366198
341.7,0.0957305425446503
341.8,0.0957132576803898
341.9,0.0956949438394119
342,0.0956775735287796
342.1,0.095656226311384
342.2,0.0956380005903834
342.3,0.0956205789054508
342.4,0.0956019571841769
342.5,0.0955846690163922
342.6,0.095567218161833
342.7,0.0955453307979744
342.8,0.0955285974790831
342.9,0.0955097168111297
343,0.0954925377435948
343.1,0.0954750909727767
343.2,0.0954554186833662
343.3,0.0954360271579154
343.4,0.095417804837616
343.5,0.0954009792185818
343.6,0.0953833143949044
343.7,0.095365648884774
343.8,0.0953433997496729
343.9,0.0953253123431287
344,0.0953082088377605
344.1,0.0952913112944865
344.2,0.0952743406288173
344.3,0.0952561058192056
344.4,0.0952347770625102
344.5,0.095217488417104
344.6,0.0952003898875743
344.7,0.0951829093126255
344.8,0.0951662115856243
344.9,0.0951435124727779
345,0.0951259963803126
345.1,0.0951094285921309
345.2,0.0950924861558175
345.3,0.0950754397817889
345.4,0.0950561061118656
345.5,0.0950354526088493
345.6,0.0950181993673675
345.7,0.095000507099201
345.8,0.0949839855843777
345.9,0.0949661834203062
346,0.0949446145151681
346.1,0.094927588393273
346.2,0.0949108175774725
346.3,0.0948940311504812
346.4,0.0948759665409918
346.5,0.0948570621348422
346.6,0.0948371461854249
346.7,0.0948203142512461
346.8,0.0948035828666731
346.9,0.0947866118702191
347,0.0947680097985582
347.1,0.0947458566428317
347.2,0.0947287834936577
347.3,0.0947118387457812
347.4,0.0946948589965497
347.5,0.0946772166115659
347.6,0.0946571360742283
347.7,0.0946389489102491
347.8,0.0946219697144068
347.9,0.0946049603923806
348,0.0945880784221385
348.1,0.0945690330451672
348.2,0.094548297495487
348.3,0.0945317292829654
348.4,0.094515280847068
348.5,0.0944986640901201
348.6,0.0944809736167812
348.7,0.0944591014573539
348.8,0.0944423149241323
348.9,0.0944258613707175
349,0.0944090498568491
349.1,0.0943923442473141
349.2,0.0943710743607081
349.3,0.0943532337506156
349.4,0.0943361514975415
349.5,0.094319384840535
349.6,0.0943025419868076
349.7,0.0942841479277429
349.8,0.0942630519822748
349.9,0.0942464298735631
350,0.0942301463597663
350.1,0.0942135191434429
350.2,0.0941963223095663
350.3,0.0941748466228078
350.4,0.0941572682657223
350.5,0.0941412565746973
350.6,0.094124659687314
350.7,0.094108127243889
350.8,0.0940871093242128
350.9,0.0940706907280869
351,0.0940531456345717
351.1,0.0940369211361846
351.2,0.09402002634847
351.3,0.093999227610617
351.4,0.0939822327113798
351.5,0.0939659079185702
351.6,0.0939485769783838
351.7,0.0939323999627737
351.8,0.0939131512536483
351.9,0.0938947195992452
352,0.0938782866315267
352.1,0.0938613631854601
352.2,0.093843585541941
352.3,0.0938252804307452
352.4,0.0938059243999457
352.5,0.0937898181338556
352.6,0.093773752358654
352.7,0.0937570398495513
352.8,0.0937386125339168
352.9,0.0937181005688903
353,0.0937022114596644
353.1,0.0936858902753854
353.2,0.0936693640275501
353.3,0.0936525302906026
353.4,0.0936322355507188
353.5,0.0936148385904176
353.6,0.0935984362761633
353.7,0.0935826440649666
353.8,0.0935665881623229
353.9,0.0935450453780871
354,0.0935289330290622
354.1,0.0935113691687019
354.2,0.0934944731061631
354.3,0.0934780323591693
354.4,0.0934573568048248
354.5,0.0934416489680543
354.6,0.0934258166707442
354.7,0.093409405838372
354.8,0.0933915743869679
354.9,0.0933705183042968
355,0.0933542364686562
355.1,0.0933379415636635
355.2,0.0933221778681093
355.3,0.0933056925798739
355.4,0.0932843520852274
355.5,0.0932674695970157
355.6,0.0932509867278328
355.7,0.0932345634062262
355.8,0.0932182816439624
355.9,0.0931974676097649
356,0.093181822816382
356.1,0.0931655196357038
356.2,0.0931479811733188
356.247185214194,0.0931390099085301
