0,4.00263392058901,0,0,1.14091536543506,376.771746308857,376.771746308857
0.0181423811143665,4.00286150219626,0,0,1.14052170797935,376.715205724769,376.715205724769
0.036284762228733,4.0030889156814,0,0,1.14012805052363,376.65872145022,376.65872145022
0.0544271433430995,4.00331616084668,0,0,1.13973439306791,376.602293439791,376.602293439791
0.072569524457466,4.00354323749399,0,0,1.1393407356122,376.545921648031,376.545921648031
0.0907119055718325,4.00377014542496,0,0,1.13894707815648,376.489606029464,376.489606029464
0.108854286686199,4.00399688444086,0,0,1.13855342070076,376.433346538582,376.433346538582
0.126996667800565,4.00422345434269,0,0,1.13815976324505,376.377143129848,376.377143129848
0.145139048914932,4.00444985493112,0,0,1.13776610578933,376.320995757694,376.320995757694
0.163281430029298,4.00467608600649,0,0,1.13737244833361,376.264904376526,376.264904376526
0.181423811143665,4.00490214736884,0,0,1.1369787908779,376.208868940716,376.208868940716
0.199566192258031,4.00512803881792,0,0,1.13658513342218,376.152889404611,376.152889404611
0.217708573372398,4.00535376015312,0,0,1.13619147596646,376.096965722523,376.096965722523
0.235850954486764,4.00557931117355,0,0,1.13579781851075,376.041097848738,376.041097848738
0.253993335601131,4.00580469167798,0,0,1.13540416105503,375.985285737512,375.985285737512
0.272135716715497,4.00602990146488,0,0,1.13501050359931,375.929529343069,375.929529343069
0.290278097829864,4.00625494033238,0,0,1.1346168461436,375.873828619604,375.873828619604
0.30842047894423,4.00647980807832,0,0,1.13422318868788,375.818183521282,375.818183521282
0.326562860058597,4.00670450450021,0,0,1.13382953123216,375.762594002239,375.762594002239
0.344705241172963,4.00692902939522,0,0,1.13343587377645,375.707060016578,375.707060016578
0.36284762228733,4.00715338256023,0,0,1.13304221632073,375.651581518375,375.651581518375
0.380990003401696,4.00737756379179,0,0,1.13264855886501,375.596158461673,375.596158461673
0.399132384516063,4.00760157288612,0,0,1.1322549014093,375.540790800487,375.540790800487
0.417274765630429,4.00782540963912,0,0,1.13186124395358,375.485478488799,375.485478488799
0.435417146744796,4.00804907384636,0,0,1.13146758649786,375.430221480563,375.430221480563
0.453559527859162,4.00827256530312,0,0,1.13107392904215,375.375019729701,375.375019729701
0.471701908973529,4.00849588380432,0,0,1.13068027158643,375.319873190105,375.319873190105
0.489844290087895,4.00871902914457,0,0,1.13028661413071,375.264781815636,375.264781815636
0.507986671202262,4.00894200111815,0,0,1.129892956675,375.209745560124,375.209745560124
0.526129052316628,4.00916479951902,0,0,1.12949929921928,375.15476437737,375.15476437737
0.544271433430995,4.0093874241408,0,0,1.12910564176357,375.099838221141,375.099838221141
0.562413814545361,4.00960987477681,0,0,1.12871198430785,375.044967045176,375.044967045176
0.580556195659728,4.00983215122001,0,0,1.12831832685213,374.990150803181,374.990150803181
0.598698576774094,4.01005425326305,0,0,1.12792466939642,374.935389448833,374.935389448833
0.616840957888461,4.01027618069824,0,0,1.1275310119407,374.880682935777,374.880682935777
0.634983339002827,4.01049793331759,0,0,1.12713735448498,374.826031217626,374.826031217626
0.653125720117194,4.01071951091273,0,0,1.12674369702927,374.771434247962,374.771434247962
0.67126810123156,4.010940913275,0,0,1.12635003957355,374.716891980337,374.716891980337
0.689410482345927,4.01116214019539,0,0,1.12595638211783,374.66240436827,374.66240436827
0.707552863460293,4.01138319146456,0,0,1.12556272466212,374.607971365251,374.607971365251
0.72569524457466,4.01160406687283,0,0,1.1251690672064,374.553592924736,374.553592924736
0.743837625689026,4.01182476621021,0,0,1.12477540975068,374.49926900015,374.49926900015
0.761980006803393,4.01204528926635,0,0,1.12438175229497,374.444999544888,374.444999544888
0.780122387917759,4.01226563583057,0,0,1.12398809483925,374.390784512311,374.390784512311
0.798264769032126,4.01248580569187,0,0,1.12359443738353,374.336623855751,374.336623855751
0.816407150146492,4.01270579863888,0,0,1.12320077992782,374.282517528506,374.282517528506
0.834549531260859,4.01292561445994,0,0,1.1228071224721,374.228465483843,374.228465483843
0.852691912375225,4.01314525294302,0,0,1.12241346501638,374.174467674996,374.174467674996
0.870834293489592,4.01336471387575,0,0,1.12201980756067,374.12052405517,374.12052405517
0.888976674603958,4.01358399704543,0,0,1.12162615010495,374.066634577536,374.066634577536
0.907119055718325,4.01380310223902,0,0,1.12123249264923,374.012799195231,374.012799195231
0.925261436832691,4.01402202924315,0,0,1.12083883519352,373.959017861363,373.959017861363
0.943403817947058,4.01424077784408,0,0,1.1204451777378,373.905290529007,373.905290529007
0.961546199061424,4.01445934782776,0,0,1.12005152028208,373.851617151204,373.851617151204
0.979688580175791,4.01467773897977,0,0,1.11965786282637,373.797997680966,373.797997680966
0.997830961290157,4.01489595108537,0,0,1.11926420537065,373.744432071268,373.744432071268
1.01597334240452,4.01511398392945,0,0,1.11887054791494,373.690920275057,373.690920275057
1.03411572351889,4.01533183729659,0,0,1.11847689045922,373.637462245245,373.637462245245
1.05225810463326,4.015549510971,0,0,1.1180832330035,373.584057934712,373.584057934712
1.07040048574762,4.01576700473654,0,0,1.11768957554779,373.530707296304,373.530707296304
1.08854286686199,4.01598431837674,0,0,1.11729591809207,373.477410282837,373.477410282837
1.10668524797636,4.01620145167477,0,0,1.11690226063635,373.424166847093,373.424166847093
1.12482762909072,4.01641840441347,0,0,1.11650860318064,373.370976941819,373.370976941819
1.14297001020509,4.01663517637531,0,0,1.11611494572492,373.317840519733,373.317840519733
1.16111239131946,4.01685176734241,0,0,1.1157212882692,373.264757533516,373.264757533516
1.17925477243382,4.01706817709656,0,0,1.11532763081349,373.211727935818,373.211727935818
1.19739715354819,4.01728440541918,0,0,1.11493397335777,373.158751679258,373.158751679258
1.21553953466256,4.01750045209135,0,0,1.11454031590205,373.105828716416,373.105828716416
1.23368191577692,4.0177163168938,0,0,1.11414665844634,373.052958999845,373.052958999845
1.25182429689129,4.01793199960689,0,0,1.11375300099062,373.000142482061,373.000142482061
1.26996667800565,4.01814750001063,0,0,1.1133593435349,372.947379115546,372.947379115546
1.28810905912002,4.01836281788471,0,0,1.11296568607919,372.894668852753,372.894668852753
1.30625144023439,4.0185779530084,0,0,1.11257202862347,372.842011646095,372.842011646095
1.32439382134875,4.01879290516068,0,0,1.11217837116775,372.789407447958,372.789407447958
1.34253620246312,4.01900767412014,0,0,1.11178471371204,372.736856210689,372.736856210689
1.36067858357749,4.019222259665,0,0,1.11139105625632,372.684357886604,372.684357886604
1.37882096469185,4.01943666157315,0,0,1.1109973988006,372.631912427986,372.631912427986
1.39696334580622,4.01965087962212,0,0,1.11060374134489,372.579519787081,372.579519787081
1.41510572692059,4.01986491358905,0,0,1.11021008388917,372.527179916103,372.527179916103
1.43324810803495,4.02007876325076,0,0,1.10981642643345,372.474892767232,372.474892767232
1.45139048914932,4.02029242838367,0,0,1.10942276897774,372.422658292614,372.422658292614
1.46953287026369,4.02050590876387,0,0,1.10902911152202,372.370476444361,372.370476444361
1.48767525137805,4.02071920416708,0,0,1.1086354540663,372.318347174549,372.318347174549
1.50581763249242,4.02093231436864,0,0,1.10824179661059,372.266270435222,372.266270435222
1.52396001360679,4.02114523914354,0,0,1.10784813915487,372.214246178389,372.214246178389
1.54210239472115,4.02135797826641,0,0,1.10745448169916,372.162274356023,372.162274356023
1.56024477583552,4.0215705315115,0,0,1.10706082424344,372.110354920065,372.110354920065
1.57838715694989,4.02178289865271,0,0,1.10666716678772,372.05848782242,372.05848782242
1.59652953806425,4.02199507946356,0,0,1.10627350933201,372.006673014957,372.006673014957
1.61467191917862,4.0222070737172,0,0,1.10587985187629,371.954910449514,371.954910449514
1.63281430029298,4.02241888118644,0,0,1.10548619442057,371.90320007789,371.90320007789
1.65095668140735,4.02263050164368,0,0,1.10509253696486,371.851541851853,371.851541851853
1.66909906252172,4.02284193486097,0,0,1.10469887950914,371.799935723134,371.799935723134
1.68724144363608,4.02305318061001,0,0,1.10430522205342,371.748381643428,371.748381643428
1.70538382475045,4.02326423866209,0,0,1.10391156459771,371.696879564397,371.696879564397
1.72352620586482,4.02347510878815,0,0,1.10351790714199,371.645429437668,371.645429437668
1.74166858697918,4.02368579075875,0,0,1.10312424968627,371.59403121483,371.59403121483
1.75981096809355,4.02389628434408,0,0,1.10273059223056,371.54268484744,371.54268484744
1.77795334920792,4.02410658931396,0,0,1.10233693477484,371.491390287018,371.491390287018
1.79609573032228,4.02431670543783,0,0,1.10194327731912,371.440147485049,371.440147485049
1.81423811143665,4.02452663248475,0,0,1.10154961986341,371.388956392981,371.388956392981
1.83238049255102,4.02473637022341,0,0,1.10115596240769,371.33781696223,371.33781696223
1.85052287366538,4.02494591842212,0,0,1.10076230495197,371.286729144172,371.286729144172
1.86866525477975,4.0251552768488,0,0,1.10036864749626,371.23569289015,371.23569289015
1.88680763589412,4.02536444527102,0,0,1.09997499004054,371.184708151472,371.184708151472
1.90495001700848,4.02557342345594,0,0,1.09958133258482,371.133774879407,371.133774879407
1.92309239812285,4.02578221117036,0,0,1.09918767512911,371.08289302519,371.08289302519
1.94123477923722,4.02599080818069,0,0,1.09879401767339,371.032062540021,371.032062540021
1.95937716035158,4.02619921425295,0,0,1.09840036021767,370.981283375063,370.981283375063
1.97751954146595,4.0264074291528,0,0,1.09800670276196,370.93055548144,370.93055548144
1.99566192258031,4.02661545264549,0,0,1.09761304530624,370.879878810246,370.879878810246
2.01380430369468,4.02682328449589,0,0,1.09721938785052,370.829253312532,370.829253312532
2.03194668480905,4.02703092446852,0,0,1.09682573039481,370.778678939317,370.778678939317
2.05008906592341,4.02723837232746,0,0,1.09643207293909,370.728155641582,370.728155641582
2.06823144703778,4.02744562783645,0,0,1.09603841548338,370.677683370272,370.677683370272
2.08637382815215,4.0276526907588,0,0,1.09564475802766,370.627262076295,370.627262076295
2.10451620926651,4.02785956085748,0,0,1.09525110057194,370.576891710523,370.576891710523
2.12265859038088,4.02806623789502,0,0,1.09485744311623,370.526572223789,370.526572223789
2.14080097149525,4.02827272163359,0,0,1.09446378566051,370.476303566893,370.476303566893
2.15894335260961,4.02847901183497,0,0,1.09407012820479,370.426085690595,370.426085690595
2.17708573372398,4.02868510826054,0,0,1.09367647074908,370.375918545619,370.375918545619
2.19522811483835,4.02889101067129,0,0,1.09328281329336,370.325802082651,370.325802082651
2.21337049595271,4.02909671882781,0,0,1.09288915583764,370.275736252343,370.275736252343
2.23151287706708,4.02930223249031,0,0,1.09249549838193,370.225721005306,370.225721005306
2.24965525818145,4.02950755141859,0,0,1.09210184092621,370.175756292116,370.175756292116
2.26779763929581,4.02971267537206,0,0,1.09170818347049,370.12584206331,370.12584206331
2.28594002041018,4.02991760410975,0,0,1.09131452601478,370.07597826939,370.07597826939
2.30408240152454,4.03012233739026,0,0,1.09092086855906,370.026164860818,370.026164860818
2.32222478263891,4.03032687497183,0,0,1.09052721110334,369.97640178802,369.97640178802
2.34036716375328,4.03053121661225,0,0,1.09013355364763,369.926689001383,369.926689001383
2.35850954486764,4.03073536206897,0,0,1.08973989619191,369.877026451258,369.877026451258
2.37665192598201,4.030939311099,0,0,1.08934623873619,369.827414087957,369.827414087957
2.39479430709638,4.03114306345895,0,0,1.08895258128048,369.777851861753,369.777851861753
2.41293668821074,4.03134661890505,0,0,1.08855892382476,369.728339722884,369.728339722884
2.43107906932511,4.03154997719311,0,0,1.08816526636904,369.678877621548,369.678877621548
2.44922145043948,4.03175313807854,0,0,1.08777160891333,369.629465507905,369.629465507905
2.46736383155384,4.03195610131634,0,0,1.08737795145761,369.580103332076,369.580103332076
2.48550621266821,4.03215886666111,0,0,1.08698429400189,369.530791044146,369.530791044146
2.50364859378258,4.03236143386705,0,0,1.08659063654618,369.481528594159,369.481528594159
2.52179097489694,4.03256380268793,0,0,1.08619697909046,369.432315932123,369.432315932123
2.53993335601131,4.03276597287715,0,0,1.08580332163474,369.383153008005,369.383153008005
2.55807573712568,4.03296794418767,0,0,1.08540966417903,369.334039771736,369.334039771736
2.57621811824004,4.03316971637204,0,0,1.08501600672331,369.284976173205,369.284976173205
2.59436049935441,4.03337128918241,0,0,1.0846223492676,369.235962162267,369.235962162267
2.61250288046878,4.03357266237052,0,0,1.08422869181188,369.186997688733,369.186997688733
2.63064526158314,4.0337738356877,0,0,1.08383503435616,369.138082702378,369.138082702378
2.64878764269751,4.03397480888486,0,0,1.08344137690045,369.089217152938,369.089217152938
2.66693002381187,4.03417558171249,0,0,1.08304771944473,369.040400990109,369.040400990109
2.68507240492624,4.03437615392067,0,0,1.08265406198901,368.991634163548,368.991634163548
2.70321478604061,4.03457652525908,0,0,1.0822604045333,368.942916622872,368.942916622872
2.72135716715497,4.03477669547695,0,0,1.08186674707758,368.894248317661,368.894248317661
2.73949954826934,4.03497666432313,0,0,1.08147308962186,368.845629197453,368.845629197453
2.75764192938371,4.03517643154603,0,0,1.08107943216615,368.797059211749,368.797059211749
2.77578431049807,4.03537599689363,0,0,1.08068577471043,368.748538310007,368.748538310007
2.79392669161244,4.03557536011353,0,0,1.08029211725471,368.700066441649,368.700066441649
2.81206907272681,4.03577452095286,0,0,1.079898459799,368.651643556054,368.651643556054
2.83021145384117,4.03597347915836,0,0,1.07950480234328,368.603269602564,368.603269602564
2.84835383495554,4.03617223447634,0,0,1.07911114488756,368.55494453048,368.55494453048
2.86649621606991,4.03637078665268,0,0,1.07871748743185,368.506668289062,368.506668289062
2.88463859718427,4.03656913543285,0,0,1.07832382997613,368.458440827531,368.458440827531
2.90278097829864,4.03676728056187,0,0,1.07793017252041,368.410262095068,368.410262095068
2.92092335941301,4.03696522178436,0,0,1.0775365150647,368.362132040812,368.362132040812
2.93906574052737,4.0371629588445,0,0,1.07714285760898,368.314050613865,368.314050613865
2.95720812164174,4.03736049148605,0,0,1.07674920015326,368.266017763285,368.266017763285
2.97535050275611,4.03755781945232,0,0,1.07635554269755,368.218033438091,368.218033438091
2.99349288387047,4.03775494248621,0,0,1.07596188524183,368.170097587263,368.170097587263
3.01163526498484,4.03795186033018,0,0,1.07556822778611,368.122210159737,368.122210159737
3.02977764609921,4.03814857272627,0,0,1.0751745703304,368.074371104411,368.074371104411
3.04792002721357,4.03834507941607,0,0,1.07478091287468,368.026580370141,368.026580370141
3.06606240832794,4.03854138014075,0,0,1.07438725541897,367.978837905742,367.978837905742
3.0842047894423,4.03873747464105,0,0,1.07399359796325,367.931143659989,367.931143659989
3.10234717055667,4.03893336265726,0,0,1.07359994050753,367.883497581614,367.883497581614
3.12048955167104,4.03912904392923,0,0,1.07320628305182,367.83589961931,367.83589961931
3.1386319327854,4.03932451819639,0,0,1.0728126255961,367.788349721726,367.788349721726
3.15677431389977,4.03951978519773,0,0,1.07241896814038,367.740847837474,367.740847837474
3.17491669501414,4.03971484467179,0,0,1.07202531068467,367.69339391512,367.69339391512
3.1930590761285,4.03990969635667,0,0,1.07163165322895,367.64598790319,367.64598790319
3.21120145724287,4.04010433999004,0,0,1.07123799577323,367.59862975017,367.59862975017
3.22934383835724,4.04029877530913,0,0,1.07084433831752,367.551319404501,367.551319404501
3.2474862194716,4.04049300205071,0,0,1.0704506808618,367.504056814587,367.504056814587
3.26562860058597,4.04068701995112,0,0,1.07005702340608,367.456841928785,367.456841928785
3.28377098170034,4.04088082874625,0,0,1.06966336595037,367.409674695413,367.409674695413
3.3019133628147,4.04107442817155,0,0,1.06926970849465,367.362555062747,367.362555062747
3.32005574392907,4.04126781796201,0,0,1.06887605103893,367.315482979019,367.315482979019
3.33819812504344,4.0414609978522,0,0,1.06848239358322,367.26845839242,367.26845839242
3.3563405061578,4.04165396757621,0,0,1.0680887361275,367.221481251099,367.221481251099
3.37448288727217,4.0418467268677,0,0,1.06769507867178,367.174551503161,367.174551503161
3.39262526838653,4.04203927545988,0,0,1.06730142121607,367.127669096671,367.127669096671
3.4107676495009,4.04223161308549,0,0,1.06690776376035,367.08083397965,367.08083397965
3.42891003061527,4.04242373947684,0,0,1.06651410630463,367.034046100075,367.034046100075
3.44705241172963,4.04261565436578,0,0,1.06612044884892,366.987305405882,366.987305405882
3.465194792844,4.0428073574837,0,0,1.0657267913932,366.940611844964,366.940611844964
3.48333717395837,4.04299884856154,0,0,1.06533313393748,366.893965365171,366.893965365171
3.50147955507273,4.04319012732978,0,0,1.06493947648177,366.847365914309,366.847365914309
3.5196219361871,4.04338119351846,0,0,1.06454581902605,366.800813440141,366.800813440141
3.53776431730147,4.04357204685713,0,0,1.06415216157034,366.754307890388,366.754307890388
3.55590669841583,4.0437626870749,0,0,1.06375850411462,366.707849212727,366.707849212727
3.5740490795302,4.04395311390043,0,0,1.0633648466589,366.66143735479,366.66143735479
3.59219146064457,4.04414332706191,0,0,1.06297118920319,366.61507226417,366.61507226417
3.61033384175893,4.04433332628706,0,0,1.06257753174747,366.56875388841,366.56875388841
3.6284762228733,4.04452311130315,0,0,1.06218387429175,366.522482175015,366.522482175015
3.64661860398767,4.04471268183697,0,0,1.06179021683604,366.476257071443,366.476257071443
3.66476098510203,4.04490203761486,0,0,1.06139655938032,366.430078525109,366.430078525109
3.6829033662164,4.04509117836269,0,0,1.0610029019246,366.383946483385,366.383946483385
3.70104574733077,4.04528010380587,0,0,1.06060924446889,366.337860893596,366.337860893596
3.71918812844513,4.04546881366932,0,0,1.06021558701317,366.291821703026,366.291821703026
3.7373305095595,4.04565730767752,0,0,1.05982192955745,366.245828858914,366.245828858914
3.75547289067387,4.04584558555446,0,0,1.05942827210174,366.199882308453,366.199882308453
3.77361527178823,4.04603364702367,0,0,1.05903461464602,366.153981998793,366.153981998793
3.7917576529026,4.0462214918082,0,0,1.0586409571903,366.10812787704,366.10812787704
3.80990003401696,4.04640911963064,0,0,1.05824729973459,366.062319890254,366.062319890254
3.82804241513133,4.04659653021308,0,0,1.05785364227887,366.016557985451,366.016557985451
3.8461847962457,4.04678372327716,0,0,1.05745998482315,365.970842109602,365.970842109602
3.86432717736006,4.04697069854405,0,0,1.05706632736744,365.925172209632,365.925172209632
3.88246955847443,4.04715745573442,0,0,1.05667266991172,365.879548232424,365.879548232424
3.9006119395888,4.04734399456847,0,0,1.056279012456,365.833970124812,365.833970124812
3.91875432070316,4.04753031476592,0,0,1.05588535500029,365.788437833588,365.788437833588
3.93689670181753,4.04771641604603,0,0,1.05549169754457,365.742951305497,365.742951305497
3.9550390829319,4.04790229812754,0,0,1.05509804008885,365.697510487239,365.697510487239
3.97318146404626,4.04808796072875,0,0,1.05470438263314,365.652115325469,365.652115325469
3.99132384516063,4.04827340356746,0,0,1.05431072517742,365.606765766794,365.606765766794
4.009466226275,4.04845862636096,0,0,1.0539170677217,365.56146175778,365.56146175778
4.02760860738936,4.0486436288261,0,0,1.05352341026599,365.516203244943,365.516203244943
4.04575098850373,4.04882841067921,0,0,1.05312975281027,365.470990174754,365.470990174754
4.0638933696181,4.04901297163616,0,0,1.05273609535456,365.425822493639,365.425822493639
4.08203575073246,4.04919731141231,0,0,1.05234243789884,365.380700147977,365.380700147977
4.10017813184683,4.04938142972253,0,0,1.05194878044312,365.335623084103,365.335623084103
4.1183205129612,4.04956532628122,0,0,1.05155512298741,365.290591248302,365.290591248302
4.13646289407556,4.04974900080227,0,0,1.05116146553169,365.245604586815,365.245604586815
4.15460527518993,4.04993245299908,0,0,1.05076780807597,365.200663045836,365.200663045836
4.17274765630429,4.05011568258457,0,0,1.05037415062026,365.155766571513,365.155766571513
4.19089003741866,4.05029868927116,0,0,1.04998049316454,365.110915109947,365.110915109947
4.20903241853303,4.05048147277075,0,0,1.04958683570882,365.066108607191,365.066108607191
4.22717479964739,4.05066403279479,0,0,1.04919317825311,365.021347009252,365.021347009252
4.24531718076176,4.05084636905419,0,0,1.04879952079739,364.976630262092,364.976630262092
4.26345956187613,4.05102848125937,0,0,1.04840586334167,364.931958311621,364.931958311621
4.28160194299049,4.05121036912028,0,0,1.04801220588596,364.887331103708,364.887331103708
4.29974432410486,4.05139203234633,0,0,1.04761854843024,364.842748584169,364.842748584169
4.31788670521923,4.05157347064645,0,0,1.04722489097452,364.798210698777,364.798210698777
4.33602908633359,4.05175468372906,0,0,1.04683123351881,364.753717393254,364.753717393254
4.35417146744796,4.05193567130209,0,0,1.04643757606309,364.709268613278,364.709268613278
4.37231384856233,4.05211643307293,0,0,1.04604391860737,364.664864304475,364.664864304475
4.39045622967669,4.05229696874849,0,0,1.04565026115166,364.620504412426,364.620504412426
4.40859861079106,4.05247727803519,0,0,1.04525660369594,364.576188882665,364.576188882665
4.42674099190543,4.0526573606389,0,0,1.04486294624022,364.531917660676,364.531917660676
4.44488337301979,4.052837216265,0,0,1.04446928878451,364.487690691895,364.487690691895
4.46302575413416,4.05301684461836,0,0,1.04407563132879,364.44350792171,364.44350792171
4.48116813524852,4.05319624540335,0,0,1.04368197387307,364.399369295461,364.399369295461
4.49931051636289,4.0533754183238,0,0,1.04328831641736,364.35527475844,364.35527475844
4.51745289747726,4.05355436308304,0,0,1.04289465896164,364.311224255889,364.311224255889
4.53559527859162,4.0537330793839,0,0,1.04250100150592,364.267217733003,364.267217733003
4.55373765970599,4.05391156692867,0,0,1.04210734405021,364.223255134928,364.223255134928
4.57188004082036,4.05408982541912,0,0,1.04171368659449,364.179336406759,364.179336406759
4.59002242193472,4.05426785455653,0,0,1.04132002913878,364.135461493545,364.135461493545
4.60816480304909,4.05444565404163,0,0,1.04092637168306,364.091630340284,364.091630340284
4.62630718416346,4.05462322357465,0,0,1.04053271422734,364.047842891926,364.047842891926
4.64444956527782,4.05480056285529,0,0,1.04013905677163,364.004099093371,364.004099093371
4.66259194639219,4.05497767158272,0,0,1.03974539931591,363.96039888947,363.96039888947
4.68073432750656,4.0551545494556,0,0,1.03935174186019,363.916742225023,363.916742225023
4.69887670862092,4.05533119617206,0,0,1.03895808440448,363.873129044782,363.873129044782
4.71701908973529,4.05550761142969,0,0,1.03856442694876,363.82955929345,363.82955929345
4.73516147084966,4.05568379492556,0,0,1.03817076949304,363.786032915679,363.786032915679
4.75330385196402,4.05585974635623,0,0,1.03777711203733,363.74254985607,363.74254985607
4.77144623307839,4.05603546541771,0,0,1.03738345458161,363.699110059176,363.699110059176
4.78958861419276,4.05621095180547,0,0,1.03698979712589,363.655713469499,363.655713469499
4.80773099530712,4.05638620521448,0,0,1.03659613967018,363.61236003149,363.61236003149
4.82587337642149,4.05656122533914,0,0,1.03620248221446,363.569049689552,363.569049689552
4.84401575753586,4.05673601187334,0,0,1.03580882475874,363.525782388034,363.525782388034
4.86215813865022,4.05691056451043,0,0,1.03541516730303,363.482558071237,363.482558071237
4.88030051976459,4.05708488294321,0,0,1.03502150984731,363.43937668341,363.43937668341
4.89844290087895,4.05725896686396,0,0,1.03462785239159,363.396238168753,363.396238168753
4.91658528199332,4.05743281596442,0,0,1.03423419493588,363.353142471413,363.353142471413
4.93472766310769,4.05760642993576,0,0,1.03384053748016,363.310089535488,363.310089535488
4.95287004422205,4.05777980846864,0,0,1.03344688002444,363.267079305022,363.267079305022
4.97101242533642,4.05795295125318,0,0,1.03305322256873,363.22411172401,363.22411172401
4.98915480645079,4.05812585797892,0,0,1.03265956511301,363.181186736395,363.181186736395
5.00729718756515,4.0582985283349,0,0,1.03226590765729,363.138304286068,363.138304286068
5.02543956867952,4.05847096200957,0,0,1.03187225020158,363.095464316871,363.095464316871
5.04358194979389,4.05864315869087,0,0,1.03147859274586,363.05266677259,363.05266677259
5.06172433090825,4.05881511806617,0,0,1.03108493529014,363.009911596962,363.009911596962
5.07986671202262,4.05898683982228,0,0,1.03069127783443,362.967198733672,362.967198733672
5.09800909313699,4.0591583236455,0,0,1.03029762037871,362.924528126353,362.924528126353
5.11615147425135,4.05932956922153,0,0,1.029903962923,362.881899718583,362.881899718583
5.13429385536572,4.05950057623555,0,0,1.02951030546728,362.839313453892,362.839313453892
5.15243623648009,4.05967134437216,0,0,1.02911664801156,362.796769275755,362.796769275755
5.17057861759445,4.05984187331542,0,0,1.02872299055585,362.754267127594,362.754267127594
5.18872099870882,4.06001216274884,0,0,1.02832933310013,362.711806952781,362.711806952781
5.20686337982318,4.06018221235534,0,0,1.02793567564441,362.669388694633,362.669388694633
5.22500576093755,4.06035202181731,0,0,1.0275420181887,362.627012296415,362.627012296415
5.24314814205192,4.06052159081657,0,0,1.02714836073298,362.584677701339,362.584677701339
5.26129052316628,4.06069091903438,0,0,1.02675470327726,362.542384852563,362.542384852563
5.27943290428065,4.06086000615142,0,0,1.02636104582155,362.500133693193,362.500133693193
5.29757528539502,4.06102885184783,0,0,1.02596738836583,362.457924166281,362.457924166281
5.31571766650938,4.06119745580316,0,0,1.02557373091011,362.415756214826,362.415756214826
5.33386004762375,4.06136581769642,0,0,1.0251800734544,362.373629781772,362.373629781772
5.35200242873812,4.06153393720602,0,0,1.02478641599868,362.331544810013,362.331544810013
5.37014480985248,4.06170181400983,0,0,1.02439275854296,362.289501242384,362.289501242384
5.38828719096685,4.06186944778513,0,0,1.02399910108725,362.247499021671,362.247499021671
5.40642957208122,4.06203683820862,0,0,1.02360544363153,362.205538090602,362.205538090602
5.42457195319558,4.06220398495646,0,0,1.02321178617581,362.163618391854,362.163618391854
5.44271433430995,4.0623708877042,0,0,1.0228181287201,362.121739868047,362.121739868047
5.46085671542432,4.06253754612683,0,0,1.02242447126438,362.079902461748,362.079902461748
5.47899909653868,4.06270395989877,0,0,1.02203081380866,362.038106115471,362.038106115471
5.49714147765305,4.06287012869384,0,0,1.02163715635295,361.996350771671,361.996350771671
5.51528385876741,4.06303605218529,0,0,1.02124349889723,361.954636372753,361.954636372753
5.53342623988178,4.0632017300458,0,0,1.02084984144151,361.912962861065,361.912962861065
5.55156862099615,4.06336716194745,0,0,1.0204561839858,361.871330178899,361.871330178899
5.56971100211052,4.06353234756175,0,0,1.02006252653008,361.829738268493,361.829738268493
5.58785338322488,4.06369728655961,0,0,1.01966886907437,361.78818707203,361.78818707203
5.60599576433925,4.06386197861137,0,0,1.01927521161865,361.746676531637,361.746676531637
5.62413814545361,4.06402642338676,0,0,1.01888155416293,361.705206589386,361.705206589386
5.64228052656798,4.06419062055496,0,0,1.01848789670722,361.663777187294,361.663777187294
5.66042290768235,4.06435456978451,0,0,1.0180942392515,361.62238826732,361.62238826732
5.67856528879671,4.06451827074339,0,0,1.01770058179578,361.581039771369,361.581039771369
5.69670766991108,4.06468172309898,0,0,1.01730692434007,361.539731641289,361.539731641289
5.71485005102545,4.06484492651807,0,0,1.01691326688435,361.498463818873,361.498463818873
5.73299243213981,4.06500788066685,0,0,1.01651960942863,361.457236245857,361.457236245857
5.75113481325418,4.0651705852109,0,0,1.01612595197292,361.416048863921,361.416048863921
5.76927719436855,4.06533303981522,0,0,1.0157322945172,361.374901614688,361.374901614688
5.78741957548291,4.06549524414421,0,0,1.01533863706148,361.333794439725,361.333794439725
5.80556195659728,4.06565719786166,0,0,1.01494497960577,361.29272728054,361.29272728054
5.82370433771165,4.06581890063075,0,0,1.01455132215005,361.251700078589,361.251700078589
5.84184671882601,4.06598035211408,0,0,1.01415766469433,361.210712775266,361.210712775266
5.85998909994038,4.06614155197362,0,0,1.01376400723862,361.169765311909,361.169765311909
5.87813148105475,4.06630249987075,0,0,1.0133703497829,361.128857629802,361.128857629802
5.89627386216911,4.06646319546625,0,0,1.01297669232718,361.087989670168,361.087989670168
5.91441624328348,4.06662363842025,0,0,1.01258303487147,361.047161374173,361.047161374173
5.93255862439784,4.06678382839232,0,0,1.01218937741575,361.006372682927,361.006372682927
5.95070100551221,4.06694376504138,0,0,1.01179571996003,360.96562353748,360.96562353748
5.96884338662658,4.06710344802577,0,0,1.01140206250432,360.924913878827,360.924913878827
5.98698576774094,4.06726287700318,0,0,1.0110084050486,360.884243647902,360.884243647902
6.00512814885531,4.0674220516307,0,0,1.01061474759288,360.843612785582,360.843612785582
6.02327052996968,4.06758097156482,0,0,1.01022109013717,360.803021232686,360.803021232686
6.04141291108404,4.06773963646138,0,0,1.00982743268145,360.762468929976,360.762468929976
6.05955529219841,4.06789804597562,0,0,1.00943377522573,360.721955818151,360.721955818151
6.07769767331278,4.06805619976214,0,0,1.00904011777002,360.681481837855,360.681481837855
6.09584005442714,4.06821409747496,0,0,1.0086464603143,360.641046929674,360.641046929674
6.11398243554151,4.06837173876741,0,0,1.00825280285859,360.600651034131,360.600651034131
6.13212481665588,4.06852912329225,0,0,1.00785914540287,360.560294091693,360.560294091693
6.15026719777024,4.06868625070158,0,0,1.00746548794715,360.519976042767,360.519976042767
6.16840957888461,4.06884312064689,0,0,1.00707183049144,360.4796968277,360.4796968277
6.18655195999898,4.06899973277903,0,0,1.00667817303572,360.439456386782,360.439456386782
6.20469434111334,4.06915608674823,0,0,1.00628451558,360.399254660239,360.399254660239
6.22283672222771,4.06931218220406,0,0,1.00589085812429,360.359091588241,360.359091588241
6.24097910334207,4.06946801879549,0,0,1.00549720066857,360.318967110897,360.318967110897
6.25912148445644,4.06962359617083,0,0,1.00510354321285,360.278881168255,360.278881168255
6.27726386557081,4.06977891397776,0,0,1.00470988575714,360.238833700303,360.238833700303
6.29540624668517,4.06993397186332,0,0,1.00431622830142,360.198824646971,360.198824646971
6.31354862779954,4.07008876947392,0,0,1.0039225708457,360.158853948126,360.158853948126
6.33169100891391,4.07024330645532,0,0,1.00352891338999,360.118921543575,360.118921543575
6.34983339002827,4.07039758245262,0,0,1.00313525593427,360.079027373064,360.079027373064
6.36797577114264,4.07055159711031,0,0,1.00274159847855,360.03917137628,360.03917137628
6.38611815225701,4.0707053500722,0,0,1.00234794102284,359.999353492846,359.999353492846
6.40426053337137,4.07085884098148,0,0,1.00195428356712,359.959573662327,359.959573662327
6.42240291448574,4.07101206948068,0,0,1.0015606261114,359.919831824225,359.919831824225
6.44054529560011,4.07116503521168,0,0,1.00116696865569,359.88012791798,359.88012791798
6.45868767671447,4.07131773781569,0,0,1.00077331119997,359.840461882971,359.840461882971
6.47683005782884,4.07147017693331,0,0,1.00037965374425,359.800833658517,359.800833658517
6.49497243894321,4.07162235220443,0,0,0.999985996288538,359.761243183873,359.761243183873
6.51311482005757,4.07177426326834,0,0,0.999592338832821,359.721690398232,359.721690398232
6.53125720117194,4.07192590976362,0,0,0.999198681377105,359.682175240726,359.682175240726
6.54939958228631,4.07207729132824,0,0,0.998805023921388,359.642697650426,359.642697650426
6.56754196340067,4.07222840759946,0,0,0.998411366465672,359.603257566336,359.603257566336
6.58568434451504,4.07237925821391,0,0,0.998017709009955,359.563854927403,359.563854927403
6.60382672562941,4.07252984280755,0,0,0.997624051554239,359.524489672507,359.524489672507
6.62196910674377,4.07268016101568,0,0,0.997230394098522,359.485161740468,359.485161740468
6.64011148785814,4.07283021247291,0,0,0.996836736642805,359.445871070041,359.445871070041
6.6582538689725,4.0729799968132,0,0,0.996443079187089,359.40661759992,359.40661759992
6.67639625008687,4.07312951366984,0,0,0.996049421731372,359.367401268734,359.367401268734
6.69453863120124,4.07327876267545,0,0,0.995655764275656,359.328222015048,359.328222015048
6.7126810123156,4.07342774346196,0,0,0.995262106819939,359.289079777366,359.289079777366
6.73082339342997,4.07357645566065,0,0,0.994868449364223,359.249974494127,359.249974494127
6.74896577454434,4.0737248989021,0,0,0.994474791908506,359.210906103704,359.210906103704
6.7671081556587,4.07387307281623,0,0,0.99408113445279,359.171874544411,359.171874544411
6.78525053677307,4.07402097703228,0,0,0.993687476997073,359.132879754493,359.132879754493
6.80339291788744,4.07416861117879,0,0,0.993293819541357,359.093921672132,359.093921672132
6.8215352990018,4.07431597488363,0,0,0.99290016208564,359.055000235448,359.055000235448
6.83967768011617,4.074463067774,0,0,0.992506504629924,359.016115382494,359.016115382494
6.85782006123054,4.07460988947639,0,0,0.992112847174207,358.977267051258,358.977267051258
6.8759624423449,4.07475643961663,0,0,0.99171918971849,358.938455179665,358.938455179665
6.89410482345927,4.07490271781982,0,0,0.991325532262774,358.899679705573,358.899679705573
6.91224720457364,4.07504872371041,0,0,0.990931874807057,358.860940566777,358.860940566777
6.930389585688,4.07519445691215,0,0,0.990538217351341,358.822237701005,358.822237701005
6.94853196680237,4.07533991704808,0,0,0.990144559895624,358.78357104592,358.78357104592
6.96667434791674,4.07548510374055,0,0,0.989750902439908,358.744940539118,358.744940539118
6.9848167290311,4.07563001661123,0,0,0.989357244984191,358.706346118133,358.706346118133
7.00295911014547,4.07577465528107,0,0,0.988963587528475,358.667787720429,358.667787720429
7.02110149125983,4.07591901937034,0,0,0.988569930072758,358.629265283406,358.629265283406
7.0392438723742,4.07606310849859,0,0,0.988176272617041,358.590778744397,358.590778744397
7.05738625348857,4.07620692228467,0,0,0.987782615161325,358.552328040669,358.552328040669
7.07552863460293,4.07635046034674,0,0,0.987388957705608,358.513913109423,358.513913109423
7.0936710157173,4.07649372230225,0,0,0.986995300249892,358.475533887793,358.475533887793
7.11181339683167,4.07663670776792,0,0,0.986601642794175,358.437190312844,358.437190312844
7.12995577794603,4.07677941635978,0,0,0.986207985338459,358.398882321578,358.398882321578
7.1480981590604,4.07692184769315,0,0,0.985814327882742,358.360609850926,358.360609850926
7.16624054017477,4.07706400138262,0,0,0.985420670427026,358.322372837754,358.322372837754
7.18438292128913,4.0772058770421,0,0,0.985027012971309,358.28417121886,358.28417121886
7.2025253024035,4.07734747428474,0,0,0.984633355515593,358.246004930974,358.246004930974
7.22066768351787,4.077488792723,0,0,0.984239698059876,358.207873910759,358.207873910759
7.23881006463223,4.07762983196862,0,0,0.983846040604159,358.169778094809,358.169778094809
7.2569524457466,4.0777705916326,0,0,0.983452383148443,358.13171741965,358.13171741965
7.27509482686096,4.07791107132524,0,0,0.983058725692726,358.093691821741,358.093691821741
7.29323720797533,4.0780512706561,0,0,0.98266506823701,358.055701237472,358.055701237472
7.3113795890897,4.07819118923401,0,0,0.982271410781293,358.017745603163,358.017745603163
7.32952197020407,4.07833082666709,0,0,0.981877753325577,357.979824855068,357.979824855068
7.34766435131843,4.07847018256273,0,0,0.98148409586986,357.941938929369,357.941938929369
7.3658067324328,4.07860925652756,0,0,0.981090438414144,357.904087762181,357.904087762181
7.38394911354716,4.0787480481675,0,0,0.980696780958427,357.86627128955,357.86627128955
7.40209149466153,4.07888655708774,0,0,0.98030312350271,357.82848944745,357.82848944745
7.4202338757759,4.07902478289272,0,0,0.979909466046994,357.79074217179,357.79074217179
7.43837625689026,4.07916272518614,0,0,0.979515808591277,357.753029398404,357.753029398404
7.45651863800463,4.07930038357098,0,0,0.979122151135561,357.715351063061,357.715351063061
7.474661019119,4.07943775764946,0,0,0.978728493679844,357.677707101456,357.677707101456
7.49280340023336,4.07957484702305,0,0,0.978334836224128,357.640097449217,357.640097449217
7.51094578134773,4.0797116512925,0,0,0.977941178768411,357.602522041899,357.602522041899
7.5290881624621,4.07984817005779,0,0,0.977547521312695,357.564980814988,357.564980814988
7.54723054357646,4.07998440291817,0,0,0.977153863856978,357.527473703899,357.527473703899
7.56537292469083,4.08012034947212,0,0,0.976760206401262,357.490000643977,357.490000643977
7.5835153058052,4.08025600931739,0,0,0.976366548945545,357.452561570494,357.452561570494
7.60165768691956,4.08039138205095,0,0,0.975972891489829,357.415156418652,357.415156418652
7.61980006803393,4.08052646726904,0,0,0.975579234034112,357.377785123582,357.377785123582
7.6379424491483,4.08066126456713,0,0,0.975185576578395,357.340447620343,357.340447620343
7.65608483026266,4.08079577353992,0,0,0.974791919122679,357.303143843922,357.303143843922
7.67422721137703,4.08092999378138,0,0,0.974398261666962,357.265873729236,357.265873729236
7.69236959249139,4.08106392488468,0,0,0.974004604211246,357.228637211127,357.228637211127
7.71051197360576,4.08119756644225,0,0,0.973610946755529,357.191434224366,357.191434224366
7.72865435472013,4.08133091804575,0,0,0.973217289299813,357.154264703653,357.154264703653
7.74679673583449,4.08146397928606,0,0,0.972823631844096,357.117128583613,357.117128583613
7.76493911694886,4.08159674975331,0,0,0.97242997438838,357.080025798802,357.080025798802
7.78308149806323,4.08172922903684,0,0,0.972036316932663,357.042956283699,357.042956283699
7.80122387917759,4.08186141672523,0,0,0.971642659476947,357.005919972713,357.005919972713
7.81936626029196,4.08199331240626,0,0,0.97124900202123,356.968916800177,356.968916800177
7.83750864140633,4.08212491566697,0,0,0.970855344565513,356.931946700353,356.931946700353
7.85565102252069,4.0822562260936,0,0,0.970461687109797,356.895009607429,356.895009607429
7.87379340363506,4.0823872432716,0,0,0.97006802965408,356.858105455519,356.858105455519
7.89193578474943,4.08251796678565,0,0,0.969674372198364,356.821234178663,356.821234178663
7.91007816586379,4.08264839621964,0,0,0.969280714742647,356.784395710825,356.784395710825
7.92822054697816,4.08277853115669,0,0,0.968887057286931,356.747589985899,356.747589985899
7.94636292809253,4.08290837117911,0,0,0.968493399831214,356.710816937701,356.710816937701
7.96450530920689,4.08303791586842,0,0,0.968099742375498,356.674076499974,356.674076499974
7.98264769032126,4.08316716480537,0,0,0.967706084919781,356.637368606386,356.637368606386
8.00079007143563,4.08329611756989,0,0,0.967312427464064,356.600693190529,356.600693190529
8.01893245254999,4.08342477374113,0,0,0.966918770008348,356.564050185921,356.564050185921
8.03707483366436,4.08355313289744,0,0,0.966525112552631,356.527439526004,356.527439526004
8.05521721477873,4.08368119461637,0,0,0.966131455096915,356.490861144146,356.490861144146
8.07335959589309,4.08380895847466,0,0,0.965737797641198,356.454314973638,356.454314973638
8.09150197700746,4.08393642404826,0,0,0.965344140185482,356.417800947694,356.417800947694
8.10964435812182,4.0840635909123,0,0,0.964950482729765,356.381318999455,356.381318999455
8.12778673923619,4.08419045864112,0,0,0.964556825274049,356.344869061982,356.344869061982
8.14592912035056,4.08431702680824,0,0,0.964163167818332,356.308451068264,356.308451068264
8.16407150146492,4.08444329498637,0,0,0.963769510362616,356.272064951209,356.272064951209
8.18221388257929,4.08456926274741,0,0,0.963375852906899,356.235710643652,356.235710643652
8.20035626369366,4.08469492966243,0,0,0.962982195451182,356.199388078348,356.199388078348
8.21849864480802,4.08482029530171,0,0,0.962588537995466,356.163097187977,356.163097187977
8.23664102592239,4.08494535923469,0,0,0.962194880539749,356.126837905141,356.126837905141
8.25478340703676,4.08507012103,0,0,0.961801223084033,356.090610162364,356.090610162364
8.27292578815112,4.08519458025544,0,0,0.961407565628316,356.054413892093,356.054413892093
8.29106816926549,4.08531873647799,0,0,0.9610139081726,356.018249026697,356.018249026697
8.30921055037986,4.08544258926381,0,0,0.960620250716883,355.982115498467,355.982115498467
8.32735293149422,4.08556613817821,0,0,0.960226593261167,355.946013239615,355.946013239615
8.34549531260859,4.08568938278569,0,0,0.95983293580545,355.909942182275,355.909942182275
8.36363769372296,4.0858123226499,0,0,0.959439278349734,355.873902258504,355.873902258504
8.38178007483732,4.08593495733368,0,0,0.959045620894017,355.837893400276,355.837893400276
8.39992245595169,4.08605728639901,0,0,0.9586519634383,355.801915539492,355.801915539492
8.41806483706605,4.08617930940705,0,0,0.958258305982584,355.765968607968,355.765968607968
8.43620721818042,4.0863010259181,0,0,0.957864648526867,355.730052537445,355.730052537445
8.45434959929479,4.08642243549163,0,0,0.957470991071151,355.694167259582,355.694167259582
8.47249198040915,4.08654353768626,0,0,0.957077333615434,355.658312705958,355.658312705958
8.49063436152352,4.08666433205976,0,0,0.956683676159718,355.622488808074,355.622488808074
8.50877674263789,4.08678481816908,0,0,0.956290018704001,355.58669549735,355.58669549735
8.52691912375225,4.08690499557027,0,0,0.955896361248285,355.550932705124,355.550932705124
8.54506150486662,4.08702486381857,0,0,0.955502703792568,355.515200362657,355.515200362657
8.56320388598099,4.08714442246833,0,0,0.955109046336852,355.479498401126,355.479498401126
8.58134626709535,4.08726367107309,0,0,0.954715388881135,355.443826751628,355.443826751628
8.59948864820972,4.08738260918548,0,0,0.954321731425418,355.408185345181,355.408185345181
8.61763102932409,4.0875012363573,0,0,0.953928073969702,355.372574112718,355.372574112718
8.63577341043845,4.08761955213948,0,0,0.953534416513985,355.336992985094,355.336992985094
8.65391579155282,4.08773755608208,0,0,0.953140759058269,355.301441893079,355.301441893079
8.67205817266719,4.08785524773429,0,0,0.952747101602552,355.265920767365,355.265920767365
8.69020055378155,4.08797262664445,0,0,0.952353444146836,355.230429538559,355.230429538559
8.70834293489592,4.08808969236001,0,0,0.951959786691119,355.194968137185,355.194968137185
8.72648531601028,4.08820644442756,0,0,0.951566129235403,355.159536493689,355.159536493689
8.74462769712465,4.08832288239279,0,0,0.951172471779686,355.124134538429,355.124134538429
8.76277007823902,4.08843900580053,0,0,0.950778814323969,355.088762201683,355.088762201683
8.78091245935339,4.08855481419474,0,0,0.950385156868253,355.053419413646,355.053419413646
8.79905484046775,4.08867030711848,0,0,0.949991499412536,355.018106104429,355.018106104429
8.81719722158212,4.08878548411394,0,0,0.94959784195682,354.982822204059,354.982822204059
8.83533960269648,4.0889003447224,0,0,0.949204184501103,354.947567642481,354.947567642481
8.85348198381085,4.08901488848429,0,0,0.948810527045387,354.912342349555,354.912342349555
8.87162436492522,4.0891291149391,0,0,0.94841686958967,354.877146255056,354.877146255056
8.88976674603958,4.08924302362548,0,0,0.948023212133954,354.841979288677,354.841979288677
8.90790912715395,4.08935661408115,0,0,0.947629554678237,354.806841380024,354.806841380024
8.92605150826832,4.08946988584293,0,0,0.947235897222521,354.77173245862,354.77173245862
8.94419388938268,4.08958283844677,0,0,0.946842239766804,354.736652453903,354.736652453903
8.96233627049705,4.0896954714277,0,0,0.946448582311088,354.701601295226,354.701601295226
8.98047865161142,4.08980778431984,0,0,0.946054924855371,354.666578911854,354.666578911854
8.99862103272578,4.08991977665641,0,0,0.945661267399654,354.631585232971,354.631585232971
9.01676341384015,4.09003144796973,0,0,0.945267609943938,354.596620187672,354.596620187672
9.03490579495452,4.09014279779121,0,0,0.944873952488221,354.561683704967,354.561683704967
9.05304817606888,4.09025382565134,0,0,0.944480295032505,354.52677571378,354.52677571378
9.07119055718325,4.09036453107969,0,0,0.944086637576788,354.491896142949,354.491896142949
9.08933293829761,4.09047491360491,0,0,0.943692980121072,354.457044921223,354.457044921223
9.10747531941198,4.09058497275477,0,0,0.943299322665355,354.422221977268,354.422221977268
9.12561770052635,4.09069470805606,0,0,0.942905665209639,354.387427239661,354.387427239661
9.14376008164071,4.0908041190347,0,0,0.942512007753922,354.352660636891,354.352660636891
9.16190246275508,4.09091320521564,0,0,0.942118350298205,354.31792209736,354.31792209736
9.18004484386945,4.09102196612293,0,0,0.941724692842489,354.283211549385,354.283211549385
9.19818722498382,4.09113040127968,0,0,0.941331035386772,354.248528921191,354.248528921191
9.21632960609818,4.09123851020807,0,0,0.940937377931056,354.213874140919,354.213874140919
9.23447198721255,4.09134629242935,0,0,0.940543720475339,354.179247136617,354.179247136617
9.25261436832691,4.09145374746381,0,0,0.940150063019623,354.14464783625,354.14464783625
9.27075674944128,4.09156087483083,0,0,0.939756405563906,354.110076167689,354.110076167689
9.28889913055565,4.09166767404884,0,0,0.93936274810819,354.07553205872,354.07553205872
9.30704151167001,4.0917741446353,0,0,0.938969090652473,354.041015437038,354.041015437038
9.32518389278438,4.09188028610676,0,0,0.938575433196757,354.00652623025,354.00652623025
9.34332627389874,4.09198609797881,0,0,0.93818177574104,353.972064365871,353.972064365871
9.36146865501311,4.09209157976607,0,0,0.937788118285323,353.937629771328,353.937629771328
9.37961103612748,4.09219673098223,0,0,0.937394460829607,353.903222373957,353.903222373957
9.39775341724185,4.09230155114002,0,0,0.93700080337389,353.868842101006,353.868842101006
9.41589579835621,4.09240603975119,0,0,0.936607145918174,353.83448887963,353.83448887963
9.43403817947058,4.09251019632656,0,0,0.936213488462457,353.800162636895,353.800162636895
9.45218056058495,4.09261402037597,0,0,0.935819831006741,353.765863299774,353.765863299774
9.47032294169931,4.0927175114083,0,0,0.935426173551024,353.731590795151,353.731590795151
9.48846532281368,4.09282066893146,0,0,0.935032516095308,353.697345049818,353.697345049818
9.50660770392804,4.09292349245239,0,0,0.934638858639591,353.663125990474,353.663125990474
9.52475008504241,4.09302598147706,0,0,0.934245201183874,353.628933543729,353.628933543729
9.54289246615678,4.09312813551046,0,0,0.933851543728158,353.594767636098,353.594767636098
9.56103484727115,4.09322995405661,0,0,0.933457886272441,353.560628194006,353.560628194006
9.57917722838551,4.09333143661854,0,0,0.933064228816725,353.526515143785,353.526515143785
9.59731960949988,4.09343258269832,0,0,0.932670571361008,353.492428411673,353.492428411673
9.61546199061424,4.093533391797,0,0,0.932276913905292,353.458367923816,353.458367923816
9.63360437172861,4.09363386341468,0,0,0.931883256449575,353.424333606267,353.424333606267
9.65174675284298,4.09373399705045,0,0,0.931489598993859,353.390325384986,353.390325384986
9.66988913395734,4.0938337922024,0,0,0.931095941538142,353.356343185838,353.356343185838
9.68803151507171,4.09393324836766,0,0,0.930702284082426,353.322386934594,353.322386934594
9.70617389618608,4.09403236504232,0,0,0.930308626626709,353.288456556933,353.288456556933
9.72431627730044,4.09413114172151,0,0,0.929914969170993,353.254551978439,353.254551978439
9.74245865841481,4.09422957789933,0,0,0.929521311715276,353.220673124599,353.220673124599
9.76060103952918,4.09432767306888,0,0,0.929127654259559,353.186819920808,353.186819920808
9.77874342064354,4.09442542672228,0,0,0.928733996803843,353.152992292365,353.152992292365
9.79688580175791,4.0945228383506,0,0,0.928340339348126,353.119190164474,353.119190164474
9.81502818287228,4.09461990744394,0,0,0.92794668189241,353.085413462242,353.085413462242
9.83317056398664,4.09471663349134,0,0,0.927553024436693,353.051662110683,353.051662110683
9.85131294510101,4.09481301598087,0,0,0.927159366980977,353.017936034712,353.017936034712
9.86945532621538,4.09490905439954,0,0,0.92676570952526,352.98423515915,352.98423515915
9.88759770732974,4.09500474823337,0,0,0.926372052069544,352.95055940872,352.95055940872
9.90574008844411,4.09510009696734,0,0,0.925978394613827,352.91690870805,352.91690870805
9.92388246955847,4.09519510008541,0,0,0.925584737158111,352.88328298167,352.88328298167
9.94202485067284,4.0952897570705,0,0,0.925191079702394,352.849682154012,352.849682154012
9.96016723178721,4.09538406740451,0,0,0.924797422246677,352.816106149412,352.816106149412
9.97830961290157,4.0954780305683,0,0,0.924403764790961,352.782554892107,352.782554892107
9.99645199401594,4.09557164604168,0,0,0.924010107335244,352.749028306238,352.749028306238
10.0145943751303,4.09566491330345,0,0,0.923616449879528,352.715526315846,352.715526315846
10.0327367562447,4.09575783183135,0,0,0.923222792423811,352.682048844875,352.682048844875
10.050879137359,4.09585040110206,0,0,0.922829134968095,352.648595817169,352.648595817169
10.0690215184734,4.09594262059125,0,0,0.922435477512378,352.615167156473,352.615167156473
10.0871638995878,4.0960344897735,0,0,0.922041820056662,352.581762786434,352.581762786434
10.1053062807021,4.09612600812237,0,0,0.921648162600945,352.5483826306,352.5483826306
10.1234486618165,4.09621717511034,0,0,0.921254505145229,352.515026612418,352.515026612418
10.1415910429309,4.09630799020885,0,0,0.920860847689512,352.481694655235,352.481694655235
10.1597334240452,4.09639845288826,0,0,0.920467190233795,352.448386682299,352.448386682299
10.1778758051596,4.09648856261789,0,0,0.920073532778079,352.415102616756,352.415102616756
10.196018186274,4.09657831886598,0,0,0.919679875322362,352.381842381654,352.381842381654
10.2141605673883,4.09666772109969,0,0,0.919286217866646,352.348605899938,352.348605899938
10.2323029485027,4.09675676878514,0,0,0.918892560410929,352.315393094451,352.315393094451
10.2504453296171,4.09684546138735,0,0,0.918498902955213,352.282203887937,352.282203887937
10.2685877107314,4.09693379837027,0,0,0.918105245499496,352.249038203038,352.249038203038
10.2867300918458,4.09702177919677,0,0,0.91771158804378,352.215895962291,352.215895962291
10.3048724729602,4.09710940332864,0,0,0.917317930588063,352.182777088135,352.182777088135
10.3230148540745,4.09719667022659,0,0,0.916924273132346,352.149681502904,352.149681502904
10.3411572351889,4.09728357935023,0,0,0.91653061567663,352.116609128831,352.116609128831
10.3592996163033,4.09737013015808,0,0,0.916136958220913,352.083559888043,352.083559888043
10.3774419974176,4.09745632210759,0,0,0.915743300765197,352.050533702567,352.050533702567
10.395584378532,4.09754215465508,0,0,0.91534964330948,352.017530494325,352.017530494325
10.4137267596464,4.09762762725579,0,0,0.914955985853764,351.984550185135,351.984550185135
10.4318691407607,4.09771273936386,0,0,0.914562328398047,351.951592696713,351.951592696713
10.4500115218751,4.09779749043233,0,0,0.914168670942331,351.918657950668,351.918657950668
10.4681539029895,4.09788187991312,0,0,0.913775013486614,351.885745868507,351.885745868507
10.4862962841038,4.09796590725704,0,0,0.913381356030898,351.85285637163,351.85285637163
10.5044386652182,4.09804957191379,0,0,0.912987698575181,351.819989381333,351.819989381333
10.5225810463326,4.09813287333197,0,0,0.912594041119464,351.787144818807,351.787144818807
10.5407234274469,4.09821581095903,0,0,0.912200383663748,351.754322605136,351.754322605136
10.5588658085613,4.09829838424134,0,0,0.911806726208031,351.7215226613,351.7215226613
10.5770081896757,4.0983805926241,0,0,0.911413068752315,351.688744908172,351.688744908172
10.59515057079,4.09846243555143,0,0,0.911019411296598,351.655989266518,351.655989266518
10.6132929519044,4.09854391246627,0,0,0.910625753840882,351.623255656999,351.623255656999
10.6314353330188,4.09862502281048,0,0,0.910232096385165,351.590544000167,351.590544000167
10.6495777141331,4.09870576602474,0,0,0.909838438929449,351.557854216468,351.557854216468
10.6677200952475,4.09878614154862,0,0,0.909444781473732,351.525186226241,351.525186226241
10.6858624763619,4.09886614882054,0,0,0.909051124018016,351.492539949715,351.492539949715
10.7040048574762,4.09894578727776,0,0,0.908657466562299,351.459915307014,351.459915307014
10.7221472385906,4.09902505635643,0,0,0.908263809106582,351.427312218151,351.427312218151
10.740289619705,4.09910395549151,0,0,0.907870151650866,351.394730603033,351.394730603033
10.7584320008193,4.09918248411682,0,0,0.907476494195149,351.362170381455,351.362170381455
10.7765743819337,4.09926064166505,0,0,0.907082836739433,351.329631473106,351.329631473106
10.7947167630481,4.09933842756769,0,0,0.906689179283716,351.297113797564,351.297113797564
10.8128591441624,4.09941584125511,0,0,0.906295521828,351.264617274297,351.264617274297
10.8310015252768,4.09949288215646,0,0,0.905901864372283,351.232141822664,351.232141822664
10.8491439063912,4.09956954969979,0,0,0.905508206916567,351.199687361912,351.199687361912
10.8672862875055,4.09964584331192,0,0,0.90511454946085,351.167253811181,351.167253811181
10.8854286686199,4.09972176241853,0,0,0.904720892005134,351.134841089496,351.134841089496
10.9035710497343,4.09979730644411,0,0,0.904327234549417,351.102449115773,351.102449115773
10.9217134308486,4.09987247481199,0,0,0.9039335770937,351.070077808817,351.070077808817
10.939855811963,4.09994726694428,0,0,0.903539919637984,351.037727087321,351.037727087321
10.9579981930774,4.10002168226193,0,0,0.903146262182267,351.005396869864,351.005396869864
10.9761405741917,4.10009572018471,0,0,0.902752604726551,350.973087074917,350.973087074917
10.9942829553061,4.10016938013117,0,0,0.902358947270834,350.940797620834,350.940797620834
11.0124253364205,4.10024266151869,0,0,0.901965289815118,350.908528425859,350.908528425859
11.0305677175348,4.10031556376343,0,0,0.901571632359401,350.876279408121,350.876279408121
11.0487100986492,4.10038808628037,0,0,0.901177974903685,350.844050485638,350.844050485638
11.0668524797636,4.10046022848328,0,0,0.900784317447968,350.811841576312,350.811841576312
11.0849948608779,4.10053198978471,0,0,0.900390659992251,350.779652597933,350.779652597933
11.1031372419923,4.10060336959601,0,0,0.899997002536535,350.747483468173,350.747483468173
11.1212796231067,4.10067436732731,0,0,0.899603345080818,350.715334104595,350.715334104595
11.139422004221,4.10074498238754,0,0,0.899209687625102,350.683204424643,350.683204424643
11.1575643853354,4.10081521418439,0,0,0.898816030169385,350.651094345646,350.651094345646
11.1757067664498,4.10088506212434,0,0,0.898422372713669,350.61900378482,350.61900378482
11.1938491475641,4.10095452561264,0,0,0.898028715257952,350.586932659263,350.586932659263
11.2119915286785,4.1010236040533,0,0,0.897635057802236,350.554880885957,350.554880885957
11.2301339097929,4.10109229684912,0,0,0.897241400346519,350.52284838177,350.52284838177
11.2482762909072,4.10116060340164,0,0,0.896847742890803,350.49083506345,350.49083506345
11.2664186720216,4.10122852311118,0,0,0.896454085435086,350.458840847631,350.458840847631
11.284561053136,4.10129605537681,0,0,0.896060427979369,350.426865650827,350.426865650827
11.3027034342503,4.10136319959636,0,0,0.895666770523653,350.394909389436,350.394909389436
11.3208458153647,4.1014299551664,0,0,0.895273113067936,350.362971979739,350.362971979739
11.3389881964791,4.10149632148225,0,0,0.89487945561222,350.331053337897,350.331053337897
11.3571305775934,4.10156229793799,0,0,0.894485798156503,350.299153379953,350.299153379953
11.3752729587078,4.10162788392643,0,0,0.894092140700787,350.267272021832,350.267272021832
11.3934153398222,4.10169307883912,0,0,0.89369848324507,350.235409179339,350.235409179339
11.4115577209365,4.10175788206634,0,0,0.893304825789354,350.20356476816,350.20356476816
11.4297001020509,4.10182229299711,0,0,0.892911168333637,350.171738703861,350.171738703861
11.4478424831653,4.10188631101918,0,0,0.892517510877921,350.139930901888,350.139930901888
11.4659848642796,4.10194993551903,0,0,0.892123853422204,350.108141277566,350.108141277566
11.484127245394,4.10201316588183,0,0,0.891730195966488,350.076369746102,350.076369746102
11.5022696265084,4.1020760014915,0,0,0.891336538510771,350.044616222579,350.044616222579
11.5204120076227,4.10213844173068,0,0,0.890942881055054,350.012880621959,350.012880621959
11.5385543887371,4.1022004859807,0,0,0.890549223599338,349.981162859085,349.981162859085
11.5566967698515,4.1022621336216,0,0,0.890155566143621,349.949462848675,349.949462848675
11.5748391509658,4.10232338403214,0,0,0.889761908687905,349.917780505326,349.917780505326
11.5929815320802,4.10238423658978,0,0,0.889368251232188,349.886115743513,349.886115743513
11.6111239131946,4.10244469067067,0,0,0.888974593776472,349.854468477587,349.854468477587
11.6292662943089,4.10250474564965,0,0,0.888580936320755,349.822838621777,349.822838621777
11.6474086754233,4.10256440090027,0,0,0.888187278865039,349.791226090187,349.791226090187
11.6655510565377,4.10262365579476,0,0,0.887793621409322,349.759630796798,349.759630796798
11.683693437652,4.10268250970402,0,0,0.887399963953605,349.728052655468,349.728052655468
11.7018358187664,4.10274096199765,0,0,0.887006306497889,349.696491579928,349.696491579928
11.7199781998808,4.10279901204392,0,0,0.886612649042172,349.664947483785,349.664947483785
11.7381205809951,4.10285665920978,0,0,0.886218991586456,349.633420280522,349.633420280522
11.7562629621095,4.10291390286085,0,0,0.885825334130739,349.601909883496,349.601909883496
11.7744053432239,4.10297074236141,0,0,0.885431676675023,349.570416205938,349.570416205938
11.7925477243382,4.10302717707441,0,0,0.885038019219306,349.538939160952,349.538939160952
11.8106901054526,4.10308320636145,0,0,0.88464436176359,349.507478661517,349.507478661517
11.828832486567,4.10313882958282,0,0,0.884250704307873,349.476034620484,349.476034620484
11.8469748676813,4.10319404609741,0,0,0.883857046852157,349.444606950577,349.444606950577
11.8651172487957,4.1032488552628,0,0,0.88346338939644,349.413195564394,349.413195564394
11.8832596299101,4.10330325643522,0,0,0.883069731940723,349.381800374404,349.381800374404
11.9014020110244,4.10335724896951,0,0,0.882676074485007,349.350421292947,349.350421292947
11.9195443921388,4.10341083221916,0,0,0.88228241702929,349.319058232235,349.319058232235
11.9376867732532,4.10346400553633,0,0,0.881888759573574,349.287711104353,349.287711104353
11.9558291543675,4.10351676827176,0,0,0.881495102117857,349.256379821255,349.256379821255
11.9739715354819,4.10356911977486,0,0,0.881101444662141,349.225064294765,349.225064294765
11.9921139165963,4.10362105939363,0,0,0.880707787206424,349.193764436579,349.193764436579
12.0102562977106,4.10367258647473,0,0,0.880314129750708,349.162480158261,349.162480158261
12.028398678825,4.10372370036339,0,0,0.879920472294991,349.131211371246,349.131211371246
12.0465410599394,4.1037744004035,0,0,0.879526814839275,349.099957986837,349.099957986837
12.0646834410537,4.10382468593753,0,0,0.879133157383558,349.068719916206,349.068719916206
12.0828258221681,4.10387455630657,0,0,0.878739499927841,349.037497070394,349.037497070394
12.1009682032825,4.10392401085031,0,0,0.878345842472125,349.00628936031,349.00628936031
12.1191105843968,4.10397304890703,0,0,0.877952185016408,348.975096696729,348.975096696729
12.1372529655112,4.10402166981362,0,0,0.877558527560692,348.943918990296,348.943918990296
12.1553953466256,4.10406987290555,0,0,0.877164870104975,348.912756151521,348.912756151521
12.1735377277399,4.10411765751689,0,0,0.876771212649259,348.881608090782,348.881608090782
12.1916801088543,4.10416502298028,0,0,0.876377555193542,348.850474718322,348.850474718322
12.2098224899687,4.10421196862694,0,0,0.875983897737826,348.819355944252,348.819355944252
12.227964871083,4.10425849378668,0,0,0.875590240282109,348.788251678545,348.788251678545
12.2461072521974,4.10430459778788,0,0,0.875196582826392,348.757161831044,348.757161831044
12.2642496333118,4.10435027995748,0,0,0.874802925370676,348.726086311452,348.726086311452
12.2823920144261,4.10439553962099,0,0,0.874409267914959,348.695025029341,348.695025029341
12.3005343955405,4.10444037610248,0,0,0.874015610459243,348.663977894144,348.663977894144
12.3186767766549,4.10448478872458,0,0,0.873621953003526,348.632944815159,348.632944815159
12.3368191577692,4.10452877680847,0,0,0.87322829554781,348.601925701547,348.601925701547
12.3549615388836,4.10457233967389,0,0,0.872834638092093,348.570920462333,348.570920462333
12.373103919998,4.1046154766391,0,0,0.872440980636377,348.539929006403,348.539929006403
12.3912463011123,4.10465818702094,0,0,0.87204732318066,348.508951242508,348.508951242508
12.4093886822267,4.10470047013475,0,0,0.871653665724944,348.477987079257,348.477987079257
12.4275310633411,4.10474232529443,0,0,0.871260008269227,348.447036425125,348.447036425125
12.4456734444554,4.1047837518124,0,0,0.87086635081351,348.416099188446,348.416099188446
12.4638158255698,4.10482474899961,0,0,0.870472693357794,348.385175277414,348.385175277414
12.4819582066841,4.10486531616552,0,0,0.870079035902077,348.354264600085,348.354264600085
12.5001005877985,4.10490545261814,0,0,0.869685378446361,348.323367064374,348.323367064374
12.5182429689129,4.10494515766395,0,0,0.869291720990644,348.292482578057,348.292482578057
12.5363853500273,4.10498443060798,0,0,0.868898063534928,348.261611048769,348.261611048769
12.5545277311416,4.10502327075375,0,0,0.868504406079211,348.230752384003,348.230752384003
12.572670112256,4.10506167740327,0,0,0.868110748623495,348.199906491112,348.199906491112
12.5908124933703,4.10509964985707,0,0,0.867717091167778,348.169073277305,348.169073277305
12.6089548744847,4.10513718741416,0,0,0.867323433712062,348.138252649652,348.138252649652
12.6270972555991,4.10517428937204,0,0,0.866929776256345,348.107444515078,348.107444515078
12.6452396367134,4.10521095502672,0,0,0.866536118800628,348.076648780366,348.076648780366
12.6633820178278,4.10524718367266,0,0,0.866142461344912,348.045865352155,348.045865352155
12.6815243989422,4.10528297460281,0,0,0.865748803889195,348.015094136942,348.015094136942
12.6996667800565,4.10531832710859,0,0,0.865355146433479,347.984335041077,347.984335041077
12.7178091611709,4.10535324047992,0,0,0.864961488977762,347.953587970769,347.953587970769
12.7359515422853,4.10538771400514,0,0,0.864567831522046,347.922852832079,347.922852832079
12.7540939233996,4.10542174697107,0,0,0.864174174066329,347.892129530924,347.892129530924
12.772236304514,4.105455338663,0,0,0.863780516610613,347.861417973077,347.861417973077
12.7903786856284,4.10548848836466,0,0,0.863386859154896,347.830718064163,347.830718064163
12.8085210667427,4.10552119535823,0,0,0.86299320169918,347.80002970966,347.80002970966
12.8266634478571,4.10555345892435,0,0,0.862599544243463,347.769352814901,347.769352814901
12.8448058289715,4.10558527834206,0,0,0.862205886787746,347.73868728507,347.73868728507
12.8629482100858,4.10561665288888,0,0,0.86181222933203,347.708033025205,347.708033025205
12.8810905912002,4.10564758184075,0,0,0.861418571876313,347.677389940195,347.677389940195
12.8992329723146,4.10567806447203,0,0,0.861024914420597,347.64675793478,347.64675793478
12.9173753534289,4.1057081000555,0,0,0.86063125696488,347.616136913554,347.616136913554
12.9355177345433,4.10573768786237,0,0,0.860237599509164,347.585526780958,347.585526780958
12.9536601156577,4.10576682716227,0,0,0.859843942053447,347.554927441285,347.554927441285
12.971802496772,4.10579551722322,0,0,0.859450284597731,347.524338798679,347.524338798679
12.9899448778864,4.10582375731166,0,0,0.859056627142014,347.493760757132,347.493760757132
13.0080872590008,4.10585154669243,0,0,0.858662969686298,347.463193220485,347.463193220485
13.0262296401151,4.10587888462878,0,0,0.858269312230581,347.432636092429,347.432636092429
13.0443720212295,4.10590577038233,0,0,0.857875654774864,347.402089276503,347.402089276503
13.0625144023439,4.1059322032131,0,0,0.857481997319148,347.371552676092,347.371552676092
13.0806567834582,4.1059581823795,0,0,0.857088339863431,347.341026194432,347.341026194432
13.0987991645726,4.10598370713832,0,0,0.856694682407715,347.310509734603,347.310509734603
13.116941545687,4.1060087767447,0,0,0.856301024951998,347.280003199533,347.280003199533
13.1350839268013,4.1060333904522,0,0,0.855907367496282,347.249506491995,347.249506491995
13.1532263079157,4.10605754751269,0,0,0.855513710040565,347.219019514609,347.219019514609
13.1713686890301,4.10608124717645,0,0,0.855120052584849,347.188542169842,347.188542169842
13.1895110701444,4.1061044886921,0,0,0.854726395129132,347.158074360001,347.158074360001
13.2076534512588,4.1061272713066,0,0,0.854332737673415,347.127615987243,347.127615987243
13.2257958323732,4.10614959426528,0,0,0.853939080217699,347.097166953565,347.097166953565
13.2439382134875,4.1061714568118,0,0,0.853545422761982,347.066727160811,347.066727160811
13.2620805946019,4.10619285818816,0,0,0.853151765306266,347.036296510664,347.036296510664
13.2802229757163,4.10621379763472,0,0,0.852758107850549,347.005874904655,347.005874904655
13.2983653568306,4.10623427439013,0,0,0.852364450394833,346.975462244153,346.975462244153
13.316507737945,4.1062542876914,0,0,0.851970792939116,346.945058430372,346.945058430372
13.3346501190594,4.10627383677384,0,0,0.8515771354834,346.914663364366,346.914663364366
13.3527925001737,4.10629292087109,0,0,0.851183478027683,346.884276947029,346.884276947029
13.3709348812881,4.1063115392151,0,0,0.850789820571967,346.853899079098,346.853899079098
13.3890772624025,4.10632969103611,0,0,0.85039616311625,346.823529661149,346.823529661149
13.4072196435168,4.1063473755627,0,0,0.850002505660533,346.793168593598,346.793168593598
13.4253620246312,4.10636459202171,0,0,0.849608848204817,346.7628157767,346.7628157767
13.4435044057456,4.10638133963829,0,0,0.8492151907491,346.732471110549,346.732471110549
13.4616467868599,4.10639761763588,0,0,0.848821533293384,346.702134495077,346.702134495077
13.4797891679743,4.10641342523621,0,0,0.848427875837667,346.671805830056,346.671805830056
13.4979315490887,4.10642876165928,0,0,0.848034218381951,346.641485015093,346.641485015093
13.516073930203,4.10644362612335,0,0,0.847640560926234,346.611171949633,346.611171949633
13.5342163113174,4.10645801784499,0,0,0.847246903470518,346.580866532959,346.580866532959
13.5523586924318,4.10647193603899,0,0,0.846853246014801,346.550568664187,346.550568664187
13.5705010735461,4.10648537991843,0,0,0.846459588559085,346.520278242272,346.520278242272
13.5886434546605,4.10649834869464,0,0,0.846065931103368,346.489995166003,346.489995166003
13.6067858357749,4.10651084157719,0,0,0.845672273647652,346.459719334003,346.459719334003
13.6249282168892,4.1065228577739,0,0,0.845278616191935,346.429450644731,346.429450644731
13.6430705980036,4.10653439649085,0,0,0.844884958736218,346.399188996478,346.399188996478
13.661212979118,4.10654545693232,0,0,0.844491301280502,346.368934287371,346.368934287371
13.6793553602323,4.10655603830085,0,0,0.844097643824785,346.338686415366,346.338686415366
13.6974977413467,4.1065661397972,0,0,0.843703986369069,346.308445278257,346.308445278257
13.7156401224611,4.10657576062033,0,0,0.843310328913352,346.278210773664,346.278210773664
13.7337825035754,4.10658489996746,0,0,0.842916671457636,346.247982799044,346.247982799044
13.7519248846898,4.10659355703397,0,0,0.842523014001919,346.217761251682,346.217761251682
13.7700672658042,4.10660173101349,0,0,0.842129356546202,346.187546028693,346.187546028693
13.7882096469185,4.10660942109782,0,0,0.841735699090486,346.157337027025,346.157337027025
13.8063520280329,4.10661662647698,0,0,0.841342041634769,346.127134143453,346.127134143453
13.8244944091473,4.10662334633916,0,0,0.840948384179053,346.096937274584,346.096937274584
13.8426367902616,4.10662957987075,0,0,0.840554726723336,346.066746316851,346.066746316851
13.860779171376,4.10663532625631,0,0,0.84016106926762,346.036561166517,346.036561166517
13.8789215524904,4.1066405846786,0,0,0.839767411811903,346.006381719671,346.006381719671
13.8970639336047,4.10664535431852,0,0,0.839373754356187,345.976207872232,345.976207872232
13.9152063147191,4.10664963435516,0,0,0.83898009690047,345.946039519944,345.946039519944
13.9333486958335,4.10665342396575,0,0,0.838586439444754,345.915876558377,345.915876558377
13.9514910769478,4.10665672232568,0,0,0.838192781989037,345.885718882927,345.885718882927
13.9696334580622,4.10665952860852,0,0,0.837799124533321,345.855566388817,345.855566388817
13.9877758391766,4.10666184198595,0,0,0.837405467077604,345.825418971093,345.825418971093
14.0059182202909,4.10666366162779,0,0,0.837011809621887,345.795276524627,345.795276524627
14.0240606014053,4.10666498670202,0,0,0.836618152166171,345.765138944113,345.765138944113
14.0422029825197,4.10666581637474,0,0,0.836224494710454,345.73500612407,345.73500612407
14.060345363634,4.10666614981015,0,0,0.835830837254738,345.704877958838,345.704877958838
14.0784877447484,4.1066659861706,0,0,0.835437179799021,345.674754342582,345.674754342582
14.0966301258628,4.10666532461654,0,0,0.835043522343305,345.644635169287,345.644635169287
14.1147725069771,4.10666416430653,0,0,0.834649864887588,345.614520332759,345.614520332759
14.1329148880915,4.10666250439724,0,0,0.834256207431872,345.584409726628,345.584409726628
14.1510572692059,4.10666034404343,0,0,0.833862549976155,345.55430324434,345.55430324434
14.1691996503202,4.10665768239794,0,0,0.833468892520439,345.524200779164,345.524200779164
14.1873420314346,4.10665451861173,0,0,0.833075235064722,345.494102224188,345.494102224188
14.205484412549,4.1066508518338,0,0,0.832681577609005,345.464007472317,345.464007472317
14.2236267936633,4.10664668121127,0,0,0.832287920153289,345.433916416276,345.433916416276
14.2417691747777,4.10664200588929,0,0,0.831894262697572,345.403828948608,345.403828948608
14.2599115558921,4.1066368250111,0,0,0.831500605241856,345.373744961672,345.373744961672
14.2780539370064,4.106631137718,0,0,0.831106947786139,345.343664347645,345.343664347645
14.2961963181208,4.10662494314932,0,0,0.830713290330423,345.31358699852,345.31358699852
14.3143386992352,4.10661824044248,0,0,0.830319632874706,345.283512806105,345.283512806105
14.3324810803495,4.10661102873289,0,0,0.82992597541899,345.253441662024,345.253441662024
14.3506234614639,4.10660330715405,0,0,0.829532317963273,345.223373457716,345.223373457716
14.3687658425783,4.10659507483747,0,0,0.829138660507557,345.193308084433,345.193308084433
14.3869082236926,4.10658633091266,0,0,0.82874500305184,345.163245433243,345.163245433243
14.405050604807,4.1065770745072,0,0,0.828351345596123,345.133185395023,345.133185395023
14.4231929859214,4.10656730474665,0,0,0.827957688140407,345.103127860467,345.103127860467
14.4413353670357,4.1065570207546,0,0,0.82756403068469,345.073072720078,345.073072720078
14.4594777481501,4.10654622165262,0,0,0.827170373228974,345.043019864173,345.043019864173
14.4776201292645,4.1065349065603,0,0,0.826776715773257,345.012969182878,345.012969182878
14.4957625103788,4.10652307459522,0,0,0.826383058317541,344.98292056613,344.98292056613
14.5139048914932,4.10651072487293,0,0,0.825989400861824,344.952873903675,344.952873903675
14.5320472726076,4.10649785650698,0,0,0.825595743406108,344.922829085072,344.922829085072
14.5501896537219,4.10648446860889,0,0,0.825202085950391,344.892785999684,344.892785999684
14.5683320348363,4.10647056028814,0,0,0.824808428494675,344.862744536686,344.862744536686
14.5864744159507,4.10645613065219,0,0,0.824414771038958,344.832704585058,344.832704585058
14.604616797065,4.10644117880644,0,0,0.824021113583241,344.802666033589,344.802666033589
14.6227591781794,4.10642570385425,0,0,0.823627456127525,344.772628770874,344.772628770874
14.6409015592938,4.10640970489694,0,0,0.823233798671808,344.742592685315,344.742592685315
14.6590439404081,4.10639318103375,0,0,0.822840141216092,344.712557665117,344.712557665117
14.6771863215225,4.10637613136186,0,0,0.822446483760375,344.682523598293,344.682523598293
14.6953287026369,4.10635855497637,0,0,0.822052826304659,344.652490372658,344.652490372658
14.7134710837512,4.10634045097033,0,0,0.821659168848942,344.622457875833,344.622457875833
14.7316134648656,4.10632181843468,0,0,0.821265511393226,344.59242599524,344.59242599524
14.74975584598,4.10630265645828,0,0,0.820871853937509,344.562394618106,344.562394618106
14.7678982270943,4.1062829641279,0,0,0.820478196481792,344.532363631458,344.532363631458
14.7860406082087,4.10626274052819,0,0,0.820084539026076,344.502332922127,344.502332922127
14.8041829893231,4.10624198474171,0,0,0.819690881570359,344.472302376741,344.472302376741
14.8223253704374,4.10622069584891,0,0,0.819297224114643,344.442271881734,344.442271881734
14.8404677515518,4.10619887292809,0,0,0.818903566658926,344.412241323335,344.412241323335
14.8586101326662,4.10617651505547,0,0,0.81850990920321,344.382210587575,344.382210587575
14.8767525137805,4.1061536213051,0,0,0.818116251747493,344.352179560282,344.352179560282
14.8948948948949,4.1061301907489,0,0,0.817722594291777,344.322148127084,344.322148127084
14.9130372760093,4.10610622245666,0,0,0.81732893683606,344.292116173404,344.292116173404
14.9311796571236,4.10608171549601,0,0,0.816935279380344,344.262083584466,344.262083584466
14.949322038238,4.10605666893242,0,0,0.816541621924627,344.232050245286,344.232050245286
14.9674644193524,4.10603108182921,0,0,0.81614796446891,344.202016040677,344.202016040677
14.9856068004667,4.1060049532475,0,0,0.815754307013194,344.17198085525,344.17198085525
15.0037491815811,4.10597828224628,0,0,0.815360649557477,344.141944573406,344.141944573406
15.0218915626955,4.10595106788232,0,0,0.814966992101761,344.111907079345,344.111907079345
15.0400339438098,4.10592330921022,0,0,0.814573334646044,344.081868257055,344.081868257055
15.0581763249242,4.10589500528238,0,0,0.814179677190328,344.051827990322,344.051827990322
15.0763187060386,4.10586615514901,0,0,0.813786019734611,344.021786162721,344.021786162721
15.0944610871529,4.10583675785808,0,0,0.813392362278895,343.991742657618,343.991742657618
15.1126034682673,4.1058068124554,0,0,0.812998704823178,343.961697358173,343.961697358173
15.1307458493817,4.10577631798451,0,0,0.812605047367462,343.931650147335,343.931650147335
15.148888230496,4.10574527348674,0,0,0.812211389911745,343.901600907841,343.901600907841
15.1670306116104,4.1057136780012,0,0,0.811817732456029,343.871549522219,343.871549522219
15.1851729927248,4.10568153056475,0,0,0.811424075000312,343.841495872787,343.841495872787
15.2033153738391,4.10564883021199,0,0,0.811030417544595,343.811439841647,343.811439841647
15.2214577549535,4.10561557597531,0,0,0.810636760088879,343.781381310692,343.781381310692
15.2396001360679,4.10558176688478,0,0,0.810243102633162,343.751320161599,343.751320161599
15.2577425171822,4.10554740196826,0,0,0.809849445177446,343.721256275833,343.721256275833
15.2758848982966,4.1055124802513,0,0,0.809455787721729,343.691189534643,343.691189534643
15.294027279411,4.1054770007572,0,0,0.809062130266013,343.661119819064,343.661119819064
15.3121696605253,4.10544096250694,0,0,0.808668472810296,343.631047009915,343.631047009915
15.3303120416397,4.10540436451924,0,0,0.808274815354579,343.600970987797,343.600970987797
15.3484544227541,4.10536720581051,0,0,0.807881157898863,343.570891633097,343.570891633097
15.3665968038684,4.10532948539484,0,0,0.807487500443146,343.540808825981,343.540808825981
15.3847391849828,4.10529120228402,0,0,0.80709384298743,343.510722446398,343.510722446398
15.4028815660972,4.10525235548753,0,0,0.806700185531713,343.480632374078,343.480632374078
15.4210239472115,4.10521294401251,0,0,0.806306528075997,343.450538488532,343.450538488532
15.4391663283259,4.10517296686376,0,0,0.80591287062028,343.42044066905,343.42044066905
15.4573087094403,4.10513242304377,0,0,0.805519213164564,343.390338794702,343.390338794702
15.4754510905546,4.10509131155264,0,0,0.805125555708847,343.360232744334,343.360232744334
15.493593471669,4.10504963138816,0,0,0.804731898253131,343.330122396573,343.330122396573
15.5117358527834,4.10500738154573,0,0,0.804338240797414,343.30000762982,343.30000762982
15.5298782338977,4.10496456101839,0,0,0.803944583341698,343.269888322255,343.269888322255
15.5480206150121,4.10492116879681,0,0,0.803550925885981,343.239764351833,343.239764351833
15.5661629961265,4.10487720386928,0,0,0.803157268430264,343.209635596282,343.209635596282
15.5843053772408,4.10483266522168,0,0,0.802763610974548,343.179501933109,343.179501933109
15.6024477583552,4.10478755183753,0,0,0.802369953518831,343.14936323959,343.14936323959
15.6205901394696,4.10474186269792,0,0,0.801976296063115,343.119219392777,343.119219392777
15.6387325205839,4.10469559678154,0,0,0.801582638607398,343.089070269495,343.089070269495
15.6568749016983,4.10464875306466,0,0,0.801188981151682,343.058915746338,343.058915746338
15.6750172828127,4.10460133052113,0,0,0.800795323695965,343.028755699673,343.028755699673
15.693159663927,4.10455332812237,0,0,0.800401666240249,342.998590005637,342.998590005637
15.7113020450414,4.10450474483734,0,0,0.800008008784532,342.968418540138,342.968418540138
15.7294444261558,4.10445557963259,0,0,0.799614351328816,342.938241178851,342.938241178851
15.7475868072701,4.10440583147219,0,0,0.799220693873099,342.90805779722,342.90805779722
15.7657291883845,4.10435549931776,0,0,0.798827036417382,342.877868270458,342.877868270458
15.7838715694989,4.10430458212846,0,0,0.798433378961666,342.847672473543,342.847672473543
15.8020139506132,4.10425307886095,0,0,0.798039721505949,342.817470281222,342.817470281222
15.8201563317276,4.10420098846943,0,0,0.797646064050233,342.787261568004,342.787261568004
15.838298712842,4.1041483099056,0,0,0.797252406594516,342.757046208167,342.757046208167
15.8564410939563,4.10409504211868,0,0,0.7968587491388,342.72682407575,342.72682407575
15.8745834750707,4.10404118405536,0,0,0.796465091683083,342.696595044556,342.696595044556
15.8927258561851,4.10398673465984,0,0,0.796071434227367,342.666358988153,342.666358988153
15.9108682372994,4.10393169287378,0,0,0.79567777677165,342.636115779869,342.636115779869
15.9290106184138,4.10387605763633,0,0,0.795284119315933,342.605865292794,342.605865292794
15.9471529995282,4.1038198278841,0,0,0.794890461860217,342.575607399779,342.575607399779
15.9652953806425,4.10376300255115,0,0,0.7944968044045,342.545341973435,342.545341973435
15.9834377617569,4.10370558056901,0,0,0.794103146948784,342.515068886131,342.515068886131
16.0015801428713,4.10364756086662,0,0,0.793709489493067,342.484788009996,342.484788009996
16.0197225239856,4.1035889423704,0,0,0.793315832037351,342.454499216917,342.454499216917
16.0378649051,4.10352972400415,0,0,0.792922174581634,342.424202378536,342.424202378536
16.0560072862143,4.10346990468913,0,0,0.792528517125918,342.393897366254,342.393897366254
16.0741496673287,4.10340948334398,0,0,0.792134859670201,342.363584051226,342.363584051226
16.0922920484431,4.10334845888476,0,0,0.791741202214485,342.333262304362,342.333262304362
16.1104344295575,4.10328683022493,0,0,0.791347544758768,342.302931996327,342.302931996327
16.1285768106718,4.10322459627533,0,0,0.790953887303051,342.272592997538,342.272592997538
16.1467191917862,4.10316175594418,0,0,0.790560229847335,342.242245178167,342.242245178167
16.1648615729005,4.10309830813708,0,0,0.790166572391618,342.211888408136,342.211888408136
16.1830039540149,4.10303425175699,0,0,0.789772914935902,342.181522557118,342.181522557118
16.2011463351293,4.10296958570422,0,0,0.789379257480185,342.151147494537,342.151147494537
16.2192887162436,4.10290430887645,0,0,0.788985600024469,342.120763089569,342.120763089569
16.237431097358,4.10283842016868,0,0,0.788591942568752,342.090369211134,342.090369211134
16.2555734784724,4.10277191847325,0,0,0.788198285113036,342.059965727905,342.059965727905
16.2737158595867,4.10270480267982,0,0,0.787804627657319,342.0295525083,342.0295525083
16.2918582407011,4.10263707167538,0,0,0.787410970201602,341.999129420483,341.999129420483
16.3100006218155,4.10256872434422,0,0,0.787017312745886,341.968696332365,341.968696332365
16.3281430029298,4.10249975956793,0,0,0.786623655290169,341.938253111604,341.938253111604
16.3462853840442,4.1024301762254,0,0,0.786229997834453,341.907799625598,341.907799625598
16.3644277651586,4.10235997319278,0,0,0.785836340378736,341.877335741493,341.877335741493
16.3825701462729,4.10228914934352,0,0,0.78544268292302,341.846861326174,341.846861326174
16.4007125273873,4.10221770354835,0,0,0.785049025467303,341.816376246271,341.816376246271
16.4188549085017,4.10214563467521,0,0,0.784655368011587,341.785880368153,341.785880368153
16.436997289616,4.10207294158935,0,0,0.78426171055587,341.755373557932,341.755373557932
16.4551396707304,4.10199962315322,0,0,0.783868053100154,341.724855681456,341.724855681456
16.4732820518448,4.10192567822652,0,0,0.783474395644437,341.694326604316,341.694326604316
16.4914244329591,4.10185110566617,0,0,0.783080738188721,341.663786191839,341.663786191839
16.5095668140735,4.10177590432632,0,0,0.782687080733004,341.633234309088,341.633234309088
16.5277091951879,4.10170007305832,0,0,0.782293423277287,341.602670820865,341.602670820865
16.5458515763022,4.10162361071072,0,0,0.781899765821571,341.572095591705,341.572095591705
16.5639939574166,4.10154651612926,0,0,0.781506108365854,341.541508485881,341.541508485881
16.582136338531,4.10146878815688,0,0,0.781112450910138,341.510909367399,341.510909367399
16.6002787196453,4.10139042563366,0,0,0.780718793454421,341.480298099996,341.480298099996
16.6184211007597,4.10131142739689,0,0,0.780325135998705,341.449674547143,341.449674547143
16.6365634818741,4.10123179228098,0,0,0.779931478542988,341.419038572045,341.419038572045
16.6547058629884,4.10115151911752,0,0,0.779537821087272,341.388390037633,341.388390037633
16.6728482441028,4.1010706067352,0,0,0.779144163631555,341.357728806573,341.357728806573
16.6909906252172,4.10098905395989,0,0,0.778750506175839,341.327054741255,341.327054741255
16.7091330063315,4.10090685961455,0,0,0.778356848720122,341.296367703803,341.296367703803
16.7272753874459,4.10082402251926,0,0,0.777963191264405,341.265667556062,341.265667556062
16.7454177685603,4.10074054149121,0,0,0.777569533808689,341.234954159611,341.234954159611
16.7635601496746,4.10065641534468,0,0,0.777175876352972,341.204227375748,341.204227375748
16.781702530789,4.10057164289104,0,0,0.776782218897256,341.1734870655,341.1734870655
16.7998449119034,4.10048622293874,0,0,0.776388561441539,341.142733089618,341.142733089618
16.8179872930177,4.1004001542933,0,0,0.775994903985823,341.111965308573,341.111965308573
16.8361296741321,4.10031343575729,0,0,0.775601246530106,341.081183582563,341.081183582563
16.8542720552465,4.10022606613035,0,0,0.775207589074389,341.050387771504,341.050387771504
16.8724144363608,4.10013804420914,0,0,0.774813931618673,341.019577735035,341.019577735035
16.8905568174752,4.10004936878736,0,0,0.774420274162957,340.988753332513,340.988753332513
16.9086991985896,4.09996003865576,0,0,0.77402661670724,340.957914423016,340.957914423016
16.9268415797039,4.09987005260206,0,0,0.773632959251523,340.927060865338,340.927060865338
16.9449839608183,4.09977940941101,0,0,0.773239301795807,340.896192517991,340.896192517991
16.9631263419327,4.09968810786436,0,0,0.77284564434009,340.865309239204,340.865309239204
16.981268723047,4.09959614674084,0,0,0.772451986884374,340.834410886922,340.834410886922
16.9994111041614,4.09950352481615,0,0,0.772058329428657,340.803497318803,340.803497318803
17.0175534852758,4.09941024086297,0,0,0.771664671972941,340.772568392219,340.772568392219
17.0356958663901,4.09931629365094,0,0,0.771271014517224,340.741623964256,340.741623964256
17.0538382475045,4.09922168194664,0,0,0.770877357061508,340.710663891712,340.710663891712
17.0719806286189,4.09912640451358,0,0,0.770483699605791,340.679688031093,340.679688031093
17.0901230097332,4.09903046011224,0,0,0.770090042150075,340.64869623862,340.64869623862
17.1082653908476,4.09893384749997,0,0,0.769696384694358,340.61768837022,340.61768837022
17.126407771962,4.09883656543107,0,0,0.769302727238641,340.586664281528,340.586664281528
17.1445501530763,4.09873861265673,0,0,0.768909069782925,340.555623827889,340.555623827889
17.1626925341907,4.09863998792502,0,0,0.768515412327208,340.524566864353,340.524566864353
17.1808349153051,4.0985406899809,0,0,0.768121754871492,340.493493245676,340.493493245676
17.1989772964194,4.09844071756621,0,0,0.767728097415775,340.462402826317,340.462402826317
17.2171196775338,4.09834006941965,0,0,0.767334439960059,340.431295460442,340.431295460442
17.2352620586482,4.09823874427677,0,0,0.766940782504342,340.400171001918,340.400171001918
17.2534044397625,4.09813674086996,0,0,0.766547125048626,340.369029304313,340.369029304313
17.2715468208769,4.09803405792845,0,0,0.766153467592909,340.337870220898,340.337870220898
17.2896892019913,4.09793069417828,0,0,0.765759810137192,340.306693604644,340.306693604644
17.3078315831056,4.09782664834233,0,0,0.765366152681476,340.275499308219,340.275499308219
17.32597396422,4.09772191914027,0,0,0.764972495225759,340.244287183991,340.244287183991
17.3441163453344,4.09761650528854,0,0,0.764578837770043,340.213057084025,340.213057084025
17.3622587264487,4.0975104055004,0,0,0.764185180314326,340.181808860082,340.181808860082
17.3804011075631,4.09740361848587,0,0,0.76379152285861,340.15054236362,340.15054236362
17.3985434886775,4.09729614295172,0,0,0.763397865402893,340.119257445787,340.119257445787
17.4166858697918,4.0971879776015,0,0,0.763004207947177,340.08795395743,340.08795395743
17.4348282509062,4.09707912113548,0,0,0.76261055049146,340.056631749084,340.056631749084
17.4529706320206,4.09696957225067,0,0,0.762216893035744,340.025290670979,340.025290670979
17.4711130131349,4.0968593296408,0,0,0.761823235580027,339.993930573033,339.993930573033
17.4892553942493,4.09674839199633,0,0,0.76142957812431,339.962551304855,339.962551304855
17.5073977753637,4.09663675800439,0,0,0.761035920668594,339.931152715741,339.931152715741
17.525540156478,4.09652442634883,0,0,0.760642263212877,339.899734654677,339.899734654677
17.5436825375924,4.09641139571017,0,0,0.760248605757161,339.868296970333,339.868296970333
17.5618249187068,4.09629766476559,0,0,0.759854948301444,339.836839511067,339.836839511067
17.5799672998211,4.09618323218895,0,0,0.759461290845728,339.80536212492,339.80536212492
17.5981096809355,4.09606809665075,0,0,0.759067633390011,339.773864659618,339.773864659618
17.6162520620499,4.09595225681812,0,0,0.758673975934295,339.742346962569,339.742346962569
17.6343944431642,4.09583571135484,0,0,0.758280318478578,339.710808880861,339.710808880861
17.6525368242786,4.09571845892128,0,0,0.757886661022862,339.679250261266,339.679250261266
17.670679205393,4.09560049817444,0,0,0.757493003567145,339.647670950233,339.647670950233
17.6888215865073,4.09548182776791,0,0,0.757099346111428,339.61607079389,339.61607079389
17.7069639676217,4.09536244635186,0,0,0.756705688655712,339.584449638045,339.584449638045
17.7251063487361,4.09524235257304,0,0,0.756312031199995,339.552807328178,339.552807328178
17.7432487298504,4.09512154507476,0,0,0.755918373744279,339.521143709449,339.521143709449
17.7613911109648,4.09500002249688,0,0,0.755524716288562,339.48945862669,339.48945862669
17.7795334920792,4.09487778347581,0,0,0.755131058832846,339.457751924407,339.457751924407
17.7976758731935,4.09475482664448,0,0,0.754737401377129,339.426023446779,339.426023446779
17.8158182543079,4.09463115063236,0,0,0.754343743921413,339.394273037656,339.394273037656
17.8339606354223,4.0945067540654,0,0,0.753950086465696,339.362500540558,339.362500540558
17.8521030165366,4.09438163556607,0,0,0.75355642900998,339.330705798675,339.330705798675
17.870245397651,4.09425579375332,0,0,0.753162771554263,339.298888654866,339.298888654866
17.8883877787654,4.09412922724258,0,0,0.752769114098546,339.267048951654,339.267048951654
17.9065301598797,4.09400193464572,0,0,0.75237545664283,339.235186531232,339.235186531232
17.9246725409941,4.0938739145711,0,0,0.751981799187113,339.203301235455,339.203301235455
17.9428149221085,4.09374516562348,0,0,0.751588141731397,339.171392905844,339.171392905844
17.9609573032228,4.0936156864041,0,0,0.75119448427568,339.139461383583,339.139461383583
17.9790996843372,4.09348547551057,0,0,0.750800826819964,339.107506509515,339.107506509515
17.9972420654516,4.09335453153693,0,0,0.750407169364247,339.075528124148,339.075528124148
18.0153844465659,4.09322285307361,0,0,0.750013511908531,339.043526067647,339.043526067647
18.0335268276803,4.09309043870744,0,0,0.749619854452814,339.011500179835,339.011500179835
18.0516692087947,4.0929572870216,0,0,0.749226196997098,338.979450300194,338.979450300194
18.069811589909,4.09282339659564,0,0,0.748832539541381,338.947376267862,338.947376267862
18.0879539710234,4.09268876600546,0,0,0.748438882085664,338.915277921633,338.915277921633
18.1060963521378,4.0925533938233,0,0,0.748045224629948,338.883155099954,338.883155099954
18.1242387332521,4.09241727861771,0,0,0.747651567174231,338.851007640925,338.851007640925
